idSensor;modelo;valor;dtColeta
1;MQ-2;0;2024-05-06 20:27:15.033546
2;MQ-7;493;2024-05-06 20:27:15.033546
3;MQ-135;10000;2024-05-06 20:27:15.034547
4;DHT-11;40.7;2024-05-06 20:27:15.034547
5;MPU-6050;72.03471385380801;2024-05-06 20:27:15.035544
6;VL53L0X;0.48368962532415594;2024-05-06 20:27:15.035544
7;F01R064905;70;2024-05-06 20:27:15.036546
1;MQ-2;3;2024-05-06 20:27:15.193544
2;MQ-7;501;2024-05-06 20:27:15.195544
3;MQ-135;10007;2024-05-06 20:27:15.196543
4;DHT-11;40.5;2024-05-06 20:27:15.199544
5;MPU-6050;214.25685519954783;2024-05-06 20:27:15.201545
6;VL53L0X;0.4836314457425387;2024-05-06 20:27:15.206548
7;F01R064905;71;2024-05-06 20:27:15.208546
1;MQ-2;1;2024-05-06 20:27:15.310552
2;MQ-7;500;2024-05-06 20:27:15.312543
3;MQ-135;10003;2024-05-06 20:27:15.318543
4;DHT-11;40.8;2024-05-06 20:27:15.319543
5;MPU-6050;225.6811910638545;2024-05-06 20:27:15.319543
6;VL53L0X;0.483620434694723;2024-05-06 20:27:15.320544
7;F01R064905;70;2024-05-06 20:27:15.320544
1;MQ-2;0;2024-05-06 20:27:15.460548
2;MQ-7;497;2024-05-06 20:27:15.474544
3;MQ-135;10000;2024-05-06 20:27:15.475544
4;DHT-11;40.9;2024-05-06 20:27:15.476545
5;MPU-6050;205.96358901514608;2024-05-06 20:27:15.476545
6;VL53L0X;0.4816089124086474;2024-05-06 20:27:15.477545
7;F01R064905;70;2024-05-06 20:27:15.477545
1;MQ-2;3;2024-05-06 20:27:15.581542
2;MQ-7;505;2024-05-06 20:27:15.582546
3;MQ-135;10002;2024-05-06 20:27:15.582546
4;DHT-11;40.1;2024-05-06 20:27:15.583547
5;MPU-6050;189.2353032602532;2024-05-06 20:27:15.584545
6;VL53L0X;0.4440641225677348;2024-05-06 20:27:15.584545
7;F01R064905;73;2024-05-06 20:27:15.585544
1;MQ-2;4;2024-05-06 20:27:15.686545
2;MQ-7;510;2024-05-06 20:27:15.686545
3;MQ-135;10004;2024-05-06 20:27:15.687543
4;DHT-11;40.0;2024-05-06 20:27:15.687543
5;MPU-6050;110.2905254316979;2024-05-06 20:27:15.688544
6;VL53L0X;0.43159831534113496;2024-05-06 20:27:15.688544
7;F01R064905;76;2024-05-06 20:27:15.689546
1;MQ-2;1;2024-05-06 20:27:15.790545
2;MQ-7;502;2024-05-06 20:27:15.791547
3;MQ-135;10001;2024-05-06 20:27:15.792545
4;DHT-11;40.4;2024-05-06 20:27:15.793543
5;MPU-6050;306.3951696747192;2024-05-06 20:27:15.793543
6;VL53L0X;0.43155812697393636;2024-05-06 20:27:15.793543
7;F01R064905;75;2024-05-06 20:27:15.794544
1;MQ-2;0;2024-05-06 20:27:15.895544
2;MQ-7;501;2024-05-06 20:27:15.896543
3;MQ-135;10000;2024-05-06 20:27:15.898544
4;DHT-11;41.2;2024-05-06 20:27:15.899544
5;MPU-6050;255.24498036200438;2024-05-06 20:27:15.899544
6;VL53L0X;0.4127848531826224;2024-05-06 20:27:15.900545
7;F01R064905;72;2024-05-06 20:27:15.900545
1;MQ-2;1;2024-05-06 20:27:16.001545
2;MQ-7;507;2024-05-06 20:27:16.001545
3;MQ-135;10008;2024-05-06 20:27:16.002543
4;DHT-11;40.4;2024-05-06 20:27:16.002543
5;MPU-6050;211.32912719263285;2024-05-06 20:27:16.003545
6;VL53L0X;0.36475235249207005;2024-05-06 20:27:16.003545
7;F01R064905;73;2024-05-06 20:27:16.003545
1;MQ-2;4;2024-05-06 20:27:16.105544
2;MQ-7;510;2024-05-06 20:27:16.107545
3;MQ-135;10016;2024-05-06 20:27:16.107545
4;DHT-11;40.1;2024-05-06 20:27:16.108543
5;MPU-6050;191.67420275039623;2024-05-06 20:27:16.108543
6;VL53L0X;0.3625996839652311;2024-05-06 20:27:16.109545
7;F01R064905;74;2024-05-06 20:27:16.109545
1;MQ-2;3;2024-05-06 20:27:16.261544
2;MQ-7;506;2024-05-06 20:27:16.287544
3;MQ-135;10010;2024-05-06 20:27:16.291544
4;DHT-11;40.2;2024-05-06 20:27:16.293546
5;MPU-6050;231.78869687713419;2024-05-06 20:27:16.293546
6;VL53L0X;0.3625153956689731;2024-05-06 20:27:16.295543
7;F01R064905;73;2024-05-06 20:27:16.295543
1;MQ-2;2;2024-05-06 20:27:16.437543
2;MQ-7;499;2024-05-06 20:27:16.441544
3;MQ-135;10006;2024-05-06 20:27:16.443547
4;DHT-11;40.8;2024-05-06 20:27:16.443547
5;MPU-6050;206.15770662286675;2024-05-06 20:27:16.444543
6;VL53L0X;0.3190780105979087;2024-05-06 20:27:16.445546
7;F01R064905;70;2024-05-06 20:27:16.445546
1;MQ-2;3;2024-05-06 20:27:16.549063
2;MQ-7;504;2024-05-06 20:27:16.550063
3;MQ-135;10011;2024-05-06 20:27:16.551064
4;DHT-11;40.3;2024-05-06 20:27:16.551064
5;MPU-6050;298.9180489699476;2024-05-06 20:27:16.552074
6;VL53L0X;0.3190284403069739;2024-05-06 20:27:16.553063
7;F01R064905;72;2024-05-06 20:27:16.553063
1;MQ-2;4;2024-05-06 20:27:16.718580
2;MQ-7;508;2024-05-06 20:27:16.721591
3;MQ-135;10016;2024-05-06 20:27:16.723580
4;DHT-11;39.8;2024-05-06 20:27:16.724579
5;MPU-6050;208.20422666218857;2024-05-06 20:27:16.729580
6;VL53L0X;0.3184216369701725;2024-05-06 20:27:16.773579
7;F01R064905;75;2024-05-06 20:27:16.793580
1;MQ-2;7;2024-05-06 20:27:16.910580
2;MQ-7;510;2024-05-06 20:27:16.910580
3;MQ-135;10024;2024-05-06 20:27:16.911581
4;DHT-11;39.2;2024-05-06 20:27:16.911581
5;MPU-6050;214.4644492684044;2024-05-06 20:27:16.912580
6;VL53L0X;0.31836721333497475;2024-05-06 20:27:16.912580
7;F01R064905;78;2024-05-06 20:27:16.912580
1;MQ-2;5;2024-05-06 20:27:17.014579
2;MQ-7;508;2024-05-06 20:27:17.014579
3;MQ-135;10023;2024-05-06 20:27:17.015581
4;DHT-11;40.0;2024-05-06 20:27:17.015581
5;MPU-6050;215.00930212434997;2024-05-06 20:27:17.016581
6;VL53L0X;0.3182946874682877;2024-05-06 20:27:17.016581
7;F01R064905;75;2024-05-06 20:27:17.017579
1;MQ-2;4;2024-05-06 20:27:17.190600
2;MQ-7;504;2024-05-06 20:27:17.192581
3;MQ-135;10022;2024-05-06 20:27:17.193579
4;DHT-11;40.9;2024-05-06 20:27:17.193579
5;MPU-6050;203.51412727375956;2024-05-06 20:27:17.194580
6;VL53L0X;0.2973291239063581;2024-05-06 20:27:17.194580
7;F01R064905;74;2024-05-06 20:27:17.195579
1;MQ-2;6;2024-05-06 20:27:17.298579
2;MQ-7;512;2024-05-06 20:27:17.302582
3;MQ-135;10026;2024-05-06 20:27:17.307580
4;DHT-11;40.5;2024-05-06 20:27:17.310579
5;MPU-6050;185.65020872598015;2024-05-06 20:27:17.312580
6;VL53L0X;0.28225678615321736;2024-05-06 20:27:17.315580
7;F01R064905;75;2024-05-06 20:27:17.318581
1;MQ-2;4;2024-05-06 20:27:17.421578
2;MQ-7;506;2024-05-06 20:27:17.421578
3;MQ-135;10023;2024-05-06 20:27:17.422579
4;DHT-11;41.2;2024-05-06 20:27:17.422579
5;MPU-6050;200.58663963484707;2024-05-06 20:27:17.423579
6;VL53L0X;0.28224094030447217;2024-05-06 20:27:17.423579
7;F01R064905;72;2024-05-06 20:27:17.424580
1;MQ-2;6;2024-05-06 20:27:17.525423
2;MQ-7;508;2024-05-06 20:27:17.526406
3;MQ-135;10025;2024-05-06 20:27:17.526406
4;DHT-11;40.3;2024-05-06 20:27:17.527397
5;MPU-6050;157.46428166412852;2024-05-06 20:27:17.527397
6;VL53L0X;0.24240869305064613;2024-05-06 20:27:17.528398
7;F01R064905;73;2024-05-06 20:27:17.529399
1;MQ-2;7;2024-05-06 20:27:17.629854
2;MQ-7;512;2024-05-06 20:27:17.630863
3;MQ-135;10027;2024-05-06 20:27:17.630863
4;DHT-11;39.9;2024-05-06 20:27:17.630863
5;MPU-6050;254.75674672125956;2024-05-06 20:27:17.631861
6;VL53L0X;0.24236446398699726;2024-05-06 20:27:17.631861
7;F01R064905;75;2024-05-06 20:27:17.631861
1;MQ-2;10;2024-05-06 20:27:17.733094
2;MQ-7;519;2024-05-06 20:27:17.733094
3;MQ-135;10032;2024-05-06 20:27:17.734101
4;DHT-11;39.4;2024-05-06 20:27:17.734101
5;MPU-6050;209.66640169564602;2024-05-06 20:27:17.734101
6;VL53L0X;0.23754636425612946;2024-05-06 20:27:17.735101
7;F01R064905;77;2024-05-06 20:27:17.735101
1;MQ-2;13;2024-05-06 20:27:17.836403
2;MQ-7;520;2024-05-06 20:27:17.837222
3;MQ-135;10040;2024-05-06 20:27:17.838221
4;DHT-11;39.2;2024-05-06 20:27:17.838221
5;MPU-6050;195.57351558940695;2024-05-06 20:27:17.839218
6;VL53L0X;0.18787383881061406;2024-05-06 20:27:17.839218
7;F01R064905;78;2024-05-06 20:27:17.839218
1;MQ-2;12;2024-05-06 20:27:17.941005
2;MQ-7;516;2024-05-06 20:27:17.941807
3;MQ-135;10037;2024-05-06 20:27:17.941807
4;DHT-11;39.9;2024-05-06 20:27:17.942803
5;MPU-6050;213.53454053150278;2024-05-06 20:27:17.942803
6;VL53L0X;0.18781431108631097;2024-05-06 20:27:17.942803
7;F01R064905;76;2024-05-06 20:27:17.943803
1;MQ-2;10;2024-05-06 20:27:18.045161
2;MQ-7;512;2024-05-06 20:27:18.046166
3;MQ-135;10032;2024-05-06 20:27:18.047161
4;DHT-11;40.6;2024-05-06 20:27:18.048161
5;MPU-6050;150.24646418468555;2024-05-06 20:27:18.049160
6;VL53L0X;0.1591197107120988;2024-05-06 20:27:18.049160
7;F01R064905;73;2024-05-06 20:27:18.050164
1;MQ-2;8;2024-05-06 20:27:18.151290
2;MQ-7;505;2024-05-06 20:27:18.152166
3;MQ-135;10027;2024-05-06 20:27:18.152166
4;DHT-11;41.3;2024-05-06 20:27:18.152166
5;MPU-6050;183.95923461462868;2024-05-06 20:27:18.153158
6;VL53L0X;0.15910033212273178;2024-05-06 20:27:18.153158
7;F01R064905;71;2024-05-06 20:27:18.154159
1;MQ-2;10;2024-05-06 20:27:18.254740
2;MQ-7;510;2024-05-06 20:27:18.255548
3;MQ-135;10031;2024-05-06 20:27:18.255548
4;DHT-11;41.1;2024-05-06 20:27:18.256546
5;MPU-6050;168.56156145456177;2024-05-06 20:27:18.257546
6;VL53L0X;0.1425184347592868;2024-05-06 20:27:18.257546
7;F01R064905;73;2024-05-06 20:27:18.258545
1;MQ-2;12;2024-05-06 20:27:18.359112
2;MQ-7;513;2024-05-06 20:27:18.360104
3;MQ-135;10039;2024-05-06 20:27:18.360104
4;DHT-11;41.1;2024-05-06 20:27:18.360104
5;MPU-6050;158.86157496386593;2024-05-06 20:27:18.361105
6;VL53L0X;0.12913486867710103;2024-05-06 20:27:18.361105
7;F01R064905;75;2024-05-06 20:27:18.361105
1;MQ-2;9;2024-05-06 20:27:18.462398
2;MQ-7;509;2024-05-06 20:27:18.463209
3;MQ-135;10034;2024-05-06 20:27:18.463209
4;DHT-11;41.3;2024-05-06 20:27:18.464209
5;MPU-6050;169.31922513406445;2024-05-06 20:27:18.464209
6;VL53L0X;0.12906008180754824;2024-05-06 20:27:18.464209
7;F01R064905;72;2024-05-06 20:27:18.465210
1;MQ-2;6;2024-05-06 20:27:18.565891
2;MQ-7;508;2024-05-06 20:27:18.566808
3;MQ-135;10032;2024-05-06 20:27:18.566808
4;DHT-11;41.3;2024-05-06 20:27:18.567810
5;MPU-6050;194.77422827468732;2024-05-06 20:27:18.568799
6;VL53L0X;0.1290483025885941;2024-05-06 20:27:18.568799
7;F01R064905;70;2024-05-06 20:27:18.568799
1;MQ-2;8;2024-05-06 20:27:18.675070
2;MQ-7;509;2024-05-06 20:27:18.680070
3;MQ-135;10040;2024-05-06 20:27:18.691072
4;DHT-11;40.8;2024-05-06 20:27:18.699070
5;MPU-6050;241.04978738841484;2024-05-06 20:27:18.700070
6;VL53L0X;0.12899577983464316;2024-05-06 20:27:18.700070
7;F01R064905;73;2024-05-06 20:27:18.701071
1;MQ-2;11;2024-05-06 20:27:18.802069
2;MQ-7;516;2024-05-06 20:27:18.802069
3;MQ-135;10045;2024-05-06 20:27:18.803071
4;DHT-11;40.7;2024-05-06 20:27:18.806071
5;MPU-6050;223.54194237323787;2024-05-06 20:27:18.807070
6;VL53L0X;0.10566437504733578;2024-05-06 20:27:18.807070
7;F01R064905;75;2024-05-06 20:27:18.808070
1;MQ-2;12;2024-05-06 20:27:18.909356
2;MQ-7;518;2024-05-06 20:27:18.909356
3;MQ-135;10053;2024-05-06 20:27:18.910357
4;DHT-11;39.8;2024-05-06 20:27:18.911355
5;MPU-6050;183.0;2024-05-06 20:27:18.911355
6;VL53L0X;0.057503462667633086;2024-05-06 20:27:18.912357
7;F01R064905;77;2024-05-06 20:27:18.912357
1;MQ-2;11;2024-05-06 20:27:19.013354
2;MQ-7;514;2024-05-06 20:27:19.015355
3;MQ-135;10048;2024-05-06 20:27:19.015355
4;DHT-11;39.9;2024-05-06 20:27:19.016354
5;MPU-6050;224.73539997072112;2024-05-06 20:27:19.017355
6;VL53L0X;0.05748329993577887;2024-05-06 20:27:19.018356
7;F01R064905;74;2024-05-06 20:27:19.018356
1;MQ-2;14;2024-05-06 20:27:19.120756
2;MQ-7;516;2024-05-06 20:27:19.121752
3;MQ-135;10049;2024-05-06 20:27:19.121752
4;DHT-11;39.4;2024-05-06 20:27:19.122751
5;MPU-6050;147.46864073422526;2024-05-06 20:27:19.122751
6;VL53L0X;0.021943588103987888;2024-05-06 20:27:19.123751
7;F01R064905;75;2024-05-06 20:27:19.123751
1;MQ-2;11;2024-05-06 20:27:19.225321
2;MQ-7;509;2024-05-06 20:27:19.225321
3;MQ-135;10042;2024-05-06 20:27:19.226632
4;DHT-11;40.3;2024-05-06 20:27:19.226632
5;MPU-6050;164.23763271552596;2024-05-06 20:27:19.227591
6;VL53L0X;0.021893050236175528;2024-05-06 20:27:19.227591
7;F01R064905;74;2024-05-06 20:27:19.227591
1;MQ-2;14;2024-05-06 20:27:19.329480
2;MQ-7;514;2024-05-06 20:27:19.329480
3;MQ-135;10044;2024-05-06 20:27:19.330381
4;DHT-11;40.2;2024-05-06 20:27:19.330381
5;MPU-6050;223.92409428196868;2024-05-06 20:27:19.331382
6;VL53L0X;0.021869545304647544;2024-05-06 20:27:19.331382
7;F01R064905;77;2024-05-06 20:27:19.331382
1;MQ-2;12;2024-05-06 20:27:19.433132
2;MQ-7;512;2024-05-06 20:27:19.434131
3;MQ-135;10040;2024-05-06 20:27:19.434131
4;DHT-11;40.7;2024-05-06 20:27:19.435141
5;MPU-6050;225.10664139469543;2024-05-06 20:27:19.435141
6;VL53L0X;0.021848745848049137;2024-05-06 20:27:19.436130
7;F01R064905;75;2024-05-06 20:27:19.436130
1;MQ-2;14;2024-05-06 20:27:19.545205
2;MQ-7;516;2024-05-06 20:27:19.546205
3;MQ-135;10048;2024-05-06 20:27:19.546205
4;DHT-11;40.1;2024-05-06 20:27:19.547206
5;MPU-6050;229.37523841949462;2024-05-06 20:27:19.547206
6;VL53L0X;0.02179246447186349;2024-05-06 20:27:19.548207
7;F01R064905;77;2024-05-06 20:27:19.548207
1;MQ-2;12;2024-05-06 20:27:19.649331
2;MQ-7;511;2024-05-06 20:27:19.650216
3;MQ-135;10042;2024-05-06 20:27:19.650216
4;DHT-11;40.7;2024-05-06 20:27:19.651205
5;MPU-6050;224.18965185752887;2024-05-06 20:27:19.651205
6;VL53L0X;-0.016878622795891335;2024-05-06 20:27:19.651205
7;F01R064905;76;2024-05-06 20:27:19.652206
1;MQ-2;14;2024-05-06 20:27:19.753875
2;MQ-7;613;2024-05-06 20:27:19.754874
3;MQ-135;10242;2024-05-06 20:27:19.754874
4;DHT-11;39.4;2024-05-06 20:27:19.755873
5;MPU-6050;214.2475204057214;2024-05-06 20:27:19.755873
6;VL53L0X;-0.054277712679472644;2024-05-06 20:27:19.755873
7;F01R064905;79.6;2024-05-06 20:27:19.756875
1;MQ-2;13;2024-05-06 20:27:19.858169
2;MQ-7;606;2024-05-06 20:27:19.859164
3;MQ-135;10234;2024-05-06 20:27:19.859164
4;DHT-11;40.0;2024-05-06 20:27:19.859164
5;MPU-6050;187.45399435594857;2024-05-06 20:27:19.860164
6;VL53L0X;-0.09973030470240818;2024-05-06 20:27:19.860164
7;F01R064905;78.6;2024-05-06 20:27:19.860164
1;MQ-2;16;2024-05-06 20:27:19.961492
2;MQ-7;728;2024-05-06 20:27:19.961492
3;MQ-135;10438;2024-05-06 20:27:19.962494
4;DHT-11;38.7;2024-05-06 20:27:19.962494
5;MPU-6050;216.3007165961315;2024-05-06 20:27:19.963495
6;VL53L0X;-0.09974250441308645;2024-05-06 20:27:19.963495
7;F01R064905;79.8;2024-05-06 20:27:19.964492
1;MQ-2;13;2024-05-06 20:27:20.065717
2;MQ-7;721;2024-05-06 20:27:20.066531
3;MQ-135;10433;2024-05-06 20:27:20.067515
4;DHT-11;38.7;2024-05-06 20:27:20.067515
5;MPU-6050;248.43510218968655;2024-05-06 20:27:20.068517
6;VL53L0X;-0.09983128718321636;2024-05-06 20:27:20.068517
7;F01R064905;76.8;2024-05-06 20:27:20.068517
1;MQ-2;10;2024-05-06 20:27:20.170524
2;MQ-7;715;2024-05-06 20:27:20.171515
3;MQ-135;10427;2024-05-06 20:27:20.172516
4;DHT-11;39.1;2024-05-06 20:27:20.172516
5;MPU-6050;223.90176417348746;2024-05-06 20:27:20.173517
6;VL53L0X;-0.12099726335933342;2024-05-06 20:27:20.173517
7;F01R064905;74.8;2024-05-06 20:27:20.173517
1;MQ-2;12;2024-05-06 20:27:20.275513
2;MQ-7;858;2024-05-06 20:27:20.275513
3;MQ-135;10635;2024-05-06 20:27:20.276527
4;DHT-11;38.4;2024-05-06 20:27:20.277516
5;MPU-6050;284.22702193844975;2024-05-06 20:27:20.277516
6;VL53L0X;-0.12102042206775417;2024-05-06 20:27:20.278516
7;F01R064905;77.2;2024-05-06 20:27:20.278516
1;MQ-2;14;2024-05-06 20:27:20.380515
2;MQ-7;1029;2024-05-06 20:27:20.381516
3;MQ-135;10847;2024-05-06 20:27:20.383518
4;DHT-11;37.9;2024-05-06 20:27:20.384516
5;MPU-6050;256.92022108039686;2024-05-06 20:27:20.385515
6;VL53L0X;-0.15150537807207048;2024-05-06 20:27:20.385515
7;F01R064905;79.6;2024-05-06 20:27:20.386516
1;MQ-2;13;2024-05-06 20:27:20.488515
2;MQ-7;1026;2024-05-06 20:27:20.490515
3;MQ-135;10839;2024-05-06 20:27:20.491516
4;DHT-11;38.6;2024-05-06 20:27:20.491516
5;MPU-6050;177.36685146892583;2024-05-06 20:27:20.492515
6;VL53L0X;-0.15210915707341308;2024-05-06 20:27:20.492515
7;F01R064905;77.6;2024-05-06 20:27:20.493515
1;MQ-2;11;2024-05-06 20:27:20.594517
2;MQ-7;1020;2024-05-06 20:27:20.595517
3;MQ-135;10833;2024-05-06 20:27:20.595517
4;DHT-11;38.6;2024-05-06 20:27:20.597516
5;MPU-6050;140.09282636880448;2024-05-06 20:27:20.598517
6;VL53L0X;-0.18551187896327637;2024-05-06 20:27:20.598517
7;F01R064905;75.6;2024-05-06 20:27:20.598517
1;MQ-2;8;2024-05-06 20:27:20.701515
2;MQ-7;1015;2024-05-06 20:27:20.702515
3;MQ-135;10832;2024-05-06 20:27:20.707517
4;DHT-11;39.5;2024-05-06 20:27:20.708515
5;MPU-6050;167.1316846082753;2024-05-06 20:27:20.709515
6;VL53L0X;-0.1855545202948489;2024-05-06 20:27:20.709515
7;F01R064905;74.6;2024-05-06 20:27:20.710516
1;MQ-2;6;2024-05-06 20:27:20.811518
2;MQ-7;1011;2024-05-06 20:27:20.812517
3;MQ-135;10830;2024-05-06 20:27:20.812517
4;DHT-11;40.4;2024-05-06 20:27:20.813516
5;MPU-6050;64.19501538281614;2024-05-06 20:27:20.813516
6;VL53L0X;-0.19447287584277942;2024-05-06 20:27:20.814516
7;F01R064905;71.6;2024-05-06 20:27:20.814516
1;MQ-2;4;2024-05-06 20:27:20.915605
2;MQ-7;1007;2024-05-06 20:27:20.916516
3;MQ-135;10827;2024-05-06 20:27:20.917516
4;DHT-11;41.0;2024-05-06 20:27:20.917516
5;MPU-6050;116.58902178164118;2024-05-06 20:27:20.917516
6;VL53L0X;-0.1945585771878534;2024-05-06 20:27:20.918516
7;F01R064905;70;2024-05-06 20:27:20.918516
1;MQ-2;1;2024-05-06 20:27:21.020227
2;MQ-7;1003;2024-05-06 20:27:21.020227
3;MQ-135;10819;2024-05-06 20:27:21.021223
4;DHT-11;42.0;2024-05-06 20:27:21.021223
5;MPU-6050;206.03397778036515;2024-05-06 20:27:21.022215
6;VL53L0X;-0.19459666206823767;2024-05-06 20:27:21.022215
7;F01R064905;70;2024-05-06 20:27:21.022215
1;MQ-2;1;2024-05-06 20:27:21.125571
2;MQ-7;1204;2024-05-06 20:27:21.126560
3;MQ-135;11035;2024-05-06 20:27:21.127560
4;DHT-11;40.0;2024-05-06 20:27:21.127560
5;MPU-6050;171.06139248819414;2024-05-06 20:27:21.128569
6;VL53L0X;-0.23169691594365086;2024-05-06 20:27:21.128569
7;F01R064905;73.6;2024-05-06 20:27:21.129559
1;MQ-2;4;2024-05-06 20:27:21.230897
2;MQ-7;1207;2024-05-06 20:27:21.231796
3;MQ-135;11040;2024-05-06 20:27:21.231796
4;DHT-11;39.2;2024-05-06 20:27:21.232807
5;MPU-6050;198.1035082980612;2024-05-06 20:27:21.232807
6;VL53L0X;-0.23178493163252495;2024-05-06 20:27:21.232807
7;F01R064905;74.6;2024-05-06 20:27:21.233808
1;MQ-2;1;2024-05-06 20:27:21.336632
2;MQ-7;1204;2024-05-06 20:27:21.337630
3;MQ-135;11036;2024-05-06 20:27:21.337630
4;DHT-11;39.9;2024-05-06 20:27:21.338629
5;MPU-6050;237.7414562082095;2024-05-06 20:27:21.338629
6;VL53L0X;-0.23181679047264203;2024-05-06 20:27:21.339629
7;F01R064905;72.6;2024-05-06 20:27:21.339629
1;MQ-2;2;2024-05-06 20:27:21.440364
2;MQ-7;1212;2024-05-06 20:27:21.441172
3;MQ-135;11042;2024-05-06 20:27:21.441172
4;DHT-11;39.6;2024-05-06 20:27:21.442168
5;MPU-6050;209.4134666156883;2024-05-06 20:27:21.442168
6;VL53L0X;-0.23776186427554294;2024-05-06 20:27:21.442168
7;F01R064905;74.6;2024-05-06 20:27:21.443176
1;MQ-2;1;2024-05-06 20:27:21.545687
2;MQ-7;1206;2024-05-06 20:27:21.545687
3;MQ-135;11038;2024-05-06 20:27:21.547690
4;DHT-11;39.8;2024-05-06 20:27:21.547690
5;MPU-6050;205.59426062028095;2024-05-06 20:27:21.547690
6;VL53L0X;-0.27745734499642166;2024-05-06 20:27:21.548680
7;F01R064905;71.6;2024-05-06 20:27:21.548680
1;MQ-2;0;2024-05-06 20:27:21.650339
2;MQ-7;1202;2024-05-06 20:27:21.651337
3;MQ-135;11035;2024-05-06 20:27:21.652336
4;DHT-11;40.0;2024-05-06 20:27:21.652336
5;MPU-6050;198.1136037731887;2024-05-06 20:27:21.652336
6;VL53L0X;-0.27768029684569373;2024-05-06 20:27:21.653334
7;F01R064905;70.6;2024-05-06 20:27:21.653334
1;MQ-2;0;2024-05-06 20:27:21.754418
2;MQ-7;1197;2024-05-06 20:27:21.755863
3;MQ-135;11032;2024-05-06 20:27:21.755863
4;DHT-11;40.5;2024-05-06 20:27:21.756856
5;MPU-6050;176.28669830704754;2024-05-06 20:27:21.757857
6;VL53L0X;-0.3043310663605008;2024-05-06 20:27:21.757857
7;F01R064905;70;2024-05-06 20:27:21.757857
1;MQ-2;3;2024-05-06 20:27:21.859043
2;MQ-7;1205;2024-05-06 20:27:21.860049
3;MQ-135;11036;2024-05-06 20:27:21.860049
4;DHT-11;40.2;2024-05-06 20:27:21.860049
5;MPU-6050;201.4820091224028;2024-05-06 20:27:21.860049
6;VL53L0X;-0.3043557614304534;2024-05-06 20:27:21.861050
7;F01R064905;71;2024-05-06 20:27:21.861050
1;MQ-2;4;2024-05-06 20:27:21.962159
2;MQ-7;1213;2024-05-06 20:27:21.963169
3;MQ-135;11040;2024-05-06 20:27:21.963169
4;DHT-11;39.9;2024-05-06 20:27:21.963169
5;MPU-6050;197.9898987322333;2024-05-06 20:27:21.964168
6;VL53L0X;-0.3172855749507633;2024-05-06 20:27:21.964168
7;F01R064905;73;2024-05-06 20:27:21.965167
1;MQ-2;7;2024-05-06 20:27:22.065737
2;MQ-7;1214;2024-05-06 20:27:22.066755
3;MQ-135;11047;2024-05-06 20:27:22.066755
4;DHT-11;39.1;2024-05-06 20:27:22.066755
5;MPU-6050;94.20721840708386;2024-05-06 20:27:22.067753
6;VL53L0X;-0.33818907675800286;2024-05-06 20:27:22.067753
7;F01R064905;76;2024-05-06 20:27:22.067753
1;MQ-2;10;2024-05-06 20:27:22.170219
2;MQ-7;1220;2024-05-06 20:27:22.171220
3;MQ-135;11053;2024-05-06 20:27:22.171220
4;DHT-11;38.6;2024-05-06 20:27:22.172219
5;MPU-6050;187.48333259252675;2024-05-06 20:27:22.173220
6;VL53L0X;-0.3382662360044937;2024-05-06 20:27:22.173220
7;F01R064905;79;2024-05-06 20:27:22.174218
1;MQ-2;11;2024-05-06 20:27:22.275553
2;MQ-7;1222;2024-05-06 20:27:22.276766
3;MQ-135;11058;2024-05-06 20:27:22.276766
4;DHT-11;38.6;2024-05-06 20:27:22.276766
5;MPU-6050;72.78049189171504;2024-05-06 20:27:22.277749
6;VL53L0X;-0.3526152050745851;2024-05-06 20:27:22.277749
7;F01R064905;81;2024-05-06 20:27:22.278760
1;MQ-2;13;2024-05-06 20:27:22.379885
2;MQ-7;1225;2024-05-06 20:27:22.379885
3;MQ-135;11063;2024-05-06 20:27:22.380871
4;DHT-11;37.7;2024-05-06 20:27:22.380871
5;MPU-6050;90.17760254076397;2024-05-06 20:27:22.380871
6;VL53L0X;-0.3527078882310047;2024-05-06 20:27:22.381870
7;F01R064905;83;2024-05-06 20:27:22.381870
1;MQ-2;15;2024-05-06 20:27:22.482925
2;MQ-7;1230;2024-05-06 20:27:22.482925
3;MQ-135;11064;2024-05-06 20:27:22.483935
4;DHT-11;36.8;2024-05-06 20:27:22.483935
5;MPU-6050;230.70543990118657;2024-05-06 20:27:22.484936
6;VL53L0X;-0.35272341364312765;2024-05-06 20:27:22.484936
7;F01R064905;86;2024-05-06 20:27:22.484936
1;MQ-2;18;2024-05-06 20:27:22.586766
2;MQ-7;1234;2024-05-06 20:27:22.587764
3;MQ-135;11066;2024-05-06 20:27:22.587764
4;DHT-11;35.9;2024-05-06 20:27:22.587764
5;MPU-6050;134.19761547807025;2024-05-06 20:27:22.588765
6;VL53L0X;-0.3528780635103698;2024-05-06 20:27:22.588765
7;F01R064905;89;2024-05-06 20:27:22.589765
1;MQ-2;17;2024-05-06 20:27:22.691407
2;MQ-7;1231;2024-05-06 20:27:22.692408
3;MQ-135;11065;2024-05-06 20:27:22.695410
4;DHT-11;36.2;2024-05-06 20:27:22.696407
5;MPU-6050;202.52654147049466;2024-05-06 20:27:22.697409
6;VL53L0X;-0.3529068340676964;2024-05-06 20:27:22.697409
7;F01R064905;87;2024-05-06 20:27:22.698407
1;MQ-2;14;2024-05-06 20:27:22.799410
2;MQ-7;1226;2024-05-06 20:27:22.800409
3;MQ-135;11063;2024-05-06 20:27:22.800409
4;DHT-11;37.1;2024-05-06 20:27:22.801408
5;MPU-6050;126.554336156451;2024-05-06 20:27:22.801408
6;VL53L0X;-0.35388466081198156;2024-05-06 20:27:22.802409
7;F01R064905;84;2024-05-06 20:27:22.802409
1;MQ-2;11;2024-05-06 20:27:22.905595
2;MQ-7;1218;2024-05-06 20:27:22.906605
3;MQ-135;11059;2024-05-06 20:27:22.906605
4;DHT-11;37.9;2024-05-06 20:27:22.907595
5;MPU-6050;70.83078426785913;2024-05-06 20:27:22.907595
6;VL53L0X;-0.37854339836555134;2024-05-06 20:27:22.908594
7;F01R064905;82;2024-05-06 20:27:22.908594
1;MQ-2;9;2024-05-06 20:27:23.009547
2;MQ-7;1210;2024-05-06 20:27:23.010505
3;MQ-135;11054;2024-05-06 20:27:23.014507
4;DHT-11;38.8;2024-05-06 20:27:23.015507
5;MPU-6050;183.73350266078313;2024-05-06 20:27:23.015507
6;VL53L0X;-0.37854812390818077;2024-05-06 20:27:23.016507
7;F01R064905;80;2024-05-06 20:27:23.016507
1;MQ-2;7;2024-05-06 20:27:23.117681
2;MQ-7;1204;2024-05-06 20:27:23.119681
3;MQ-135;11049;2024-05-06 20:27:23.120684
4;DHT-11;39.0;2024-05-06 20:27:23.120684
5;MPU-6050;121.65936051122412;2024-05-06 20:27:23.121684
6;VL53L0X;-0.39866912251471015;2024-05-06 20:27:23.122682
7;F01R064905;78;2024-05-06 20:27:23.122682
1;MQ-2;6;2024-05-06 20:27:23.225659
2;MQ-7;1197;2024-05-06 20:27:23.226647
3;MQ-135;11048;2024-05-06 20:27:23.226647
4;DHT-11;39.6;2024-05-06 20:27:23.227647
5;MPU-6050;185.0108104949546;2024-05-06 20:27:23.227647
6;VL53L0X;-0.3987391521769017;2024-05-06 20:27:23.227647
7;F01R064905;77;2024-05-06 20:27:23.228651
1;MQ-2;7;2024-05-06 20:27:23.329729
2;MQ-7;1198;2024-05-06 20:27:23.329729
3;MQ-135;11056;2024-05-06 20:27:23.330647
4;DHT-11;38.8;2024-05-06 20:27:23.330647
5;MPU-6050;229.96738899243954;2024-05-06 20:27:23.331647
6;VL53L0X;-0.3988159210443656;2024-05-06 20:27:23.332648
7;F01R064905;79;2024-05-06 20:27:23.332648
1;MQ-2;6;2024-05-06 20:27:23.433868
2;MQ-7;1191;2024-05-06 20:27:23.434769
3;MQ-135;11055;2024-05-06 20:27:23.435769
4;DHT-11;38.9;2024-05-06 20:27:23.435769
5;MPU-6050;188.48076824970764;2024-05-06 20:27:23.435769
6;VL53L0X;-0.4459674590825222;2024-05-06 20:27:23.436780
7;F01R064905;78;2024-05-06 20:27:23.436780
1;MQ-2;3;2024-05-06 20:27:23.538058
2;MQ-7;1188;2024-05-06 20:27:23.539018
3;MQ-135;11054;2024-05-06 20:27:23.540017
4;DHT-11;39.5;2024-05-06 20:27:23.540017
5;MPU-6050;194.2112252162578;2024-05-06 20:27:23.541017
6;VL53L0X;-0.44605830491914245;2024-05-06 20:27:23.541017
7;F01R064905;75;2024-05-06 20:27:23.541017
1;MQ-2;2;2024-05-06 20:27:23.643237
2;MQ-7;1184;2024-05-06 20:27:23.644242
3;MQ-135;11051;2024-05-06 20:27:23.645236
4;DHT-11;40.3;2024-05-06 20:27:23.645236
5;MPU-6050;174.10916116046278;2024-05-06 20:27:23.646244
6;VL53L0X;-0.44856708415500823;2024-05-06 20:27:23.646244
7;F01R064905;74;2024-05-06 20:27:23.647234
1;MQ-2;1;2024-05-06 20:27:23.748271
2;MQ-7;1181;2024-05-06 20:27:23.749273
3;MQ-135;11049;2024-05-06 20:27:23.750234
4;DHT-11;41.1;2024-05-06 20:27:23.751234
5;MPU-6050;173.89077031286047;2024-05-06 20:27:23.753234
6;VL53L0X;-0.4807233328483952;2024-05-06 20:27:23.753234
7;F01R064905;73;2024-05-06 20:27:23.754235
1;MQ-2;4;2024-05-06 20:27:23.855242
2;MQ-7;1188;2024-05-06 20:27:23.856234
3;MQ-135;11056;2024-05-06 20:27:23.856234
4;DHT-11;40.6;2024-05-06 20:27:23.856234
5;MPU-6050;144.94481708567574;2024-05-06 20:27:23.857233
6;VL53L0X;-0.48180056226183576;2024-05-06 20:27:23.857233
7;F01R064905;75;2024-05-06 20:27:23.858233
1;MQ-2;3;2024-05-06 20:27:23.960333
2;MQ-7;1181;2024-05-06 20:27:23.962333
3;MQ-135;11050;2024-05-06 20:27:23.963333
4;DHT-11;40.7;2024-05-06 20:27:23.963333
5;MPU-6050;220.8823216103996;2024-05-06 20:27:23.965332
6;VL53L0X;-0.4818319973719728;2024-05-06 20:27:23.966334
7;F01R064905;74;2024-05-06 20:27:23.967332
1;MQ-2;1;2024-05-06 20:27:24.068338
2;MQ-7;1176;2024-05-06 20:27:24.069335
3;MQ-135;11049;2024-05-06 20:27:24.069335
4;DHT-11;40.7;2024-05-06 20:27:24.070334
5;MPU-6050;145.5609837834301;2024-05-06 20:27:24.070334
6;VL53L0X;-0.48906247357068267;2024-05-06 20:27:24.070334
7;F01R064905;73;2024-05-06 20:27:24.071333
1;MQ-2;0;2024-05-06 20:27:24.172330
2;MQ-7;1171;2024-05-06 20:27:24.173334
3;MQ-135;11042;2024-05-06 20:27:24.173334
4;DHT-11;41.7;2024-05-06 20:27:24.174333
5;MPU-6050;224.14950368002155;2024-05-06 20:27:24.174333
6;VL53L0X;-0.489121802287601;2024-05-06 20:27:24.175334
7;F01R064905;70;2024-05-06 20:27:24.175334
1;MQ-2;2;2024-05-06 20:27:24.276337
2;MQ-7;1179;2024-05-06 20:27:24.277333
3;MQ-135;11043;2024-05-06 20:27:24.277333
4;DHT-11;41.0;2024-05-06 20:27:24.278332
5;MPU-6050;224.26100864840504;2024-05-06 20:27:24.278332
6;VL53L0X;-0.48914529547544666;2024-05-06 20:27:24.278332
7;F01R064905;73;2024-05-06 20:27:24.279333
1;MQ-2;3;2024-05-06 20:27:24.380614
2;MQ-7;1184;2024-05-06 20:27:24.380614
3;MQ-135;11047;2024-05-06 20:27:24.382616
4;DHT-11;40.4;2024-05-06 20:27:24.382616
5;MPU-6050;186.5180956368577;2024-05-06 20:27:24.382616
6;VL53L0X;-0.5125192247009386;2024-05-06 20:27:24.383618
7;F01R064905;75;2024-05-06 20:27:24.383618
1;MQ-2;5;2024-05-06 20:27:24.484622
2;MQ-7;1186;2024-05-06 20:27:24.484622
3;MQ-135;11050;2024-05-06 20:27:24.485616
4;DHT-11;40.1;2024-05-06 20:27:24.485616
5;MPU-6050;303.79269247300863;2024-05-06 20:27:24.485616
6;VL53L0X;-0.5125864909440074;2024-05-06 20:27:24.486614
7;F01R064905;76;2024-05-06 20:27:24.486614
1;MQ-2;4;2024-05-06 20:27:24.589359
2;MQ-7;1182;2024-05-06 20:27:24.590353
3;MQ-135;11046;2024-05-06 20:27:24.590353
4;DHT-11;40.8;2024-05-06 20:27:24.591355
5;MPU-6050;289.49265966514594;2024-05-06 20:27:24.591355
6;VL53L0X;-0.522138685258011;2024-05-06 20:27:24.591355
7;F01R064905;73;2024-05-06 20:27:24.592353
1;MQ-2;1;2024-05-06 20:27:24.693352
2;MQ-7;1181;2024-05-06 20:27:24.696353
3;MQ-135;11044;2024-05-06 20:27:24.698355
4;DHT-11;41.0;2024-05-06 20:27:24.698355
5;MPU-6050;198.12369873389704;2024-05-06 20:27:24.699354
6;VL53L0X;-0.552953173441456;2024-05-06 20:27:24.701352
7;F01R064905;70;2024-05-06 20:27:24.701352
1;MQ-2;0;2024-05-06 20:27:24.803355
2;MQ-7;1180;2024-05-06 20:27:24.804354
3;MQ-135;11036;2024-05-06 20:27:24.804354
4;DHT-11;41.9;2024-05-06 20:27:24.806353
5;MPU-6050;188.22858443923974;2024-05-06 20:27:24.807354
6;VL53L0X;-0.5934938024181549;2024-05-06 20:27:24.807354
7;F01R064905;70;2024-05-06 20:27:24.808354
1;MQ-2;3;2024-05-06 20:27:24.908973
2;MQ-7;1182;2024-05-06 20:27:24.908973
3;MQ-135;11039;2024-05-06 20:27:24.909988
4;DHT-11;41.7;2024-05-06 20:27:24.909988
5;MPU-6050;166.39711535961192;2024-05-06 20:27:24.910986
6;VL53L0X;-0.6264714287051736;2024-05-06 20:27:24.910986
7;F01R064905;72;2024-05-06 20:27:24.910986
1;MQ-2;2;2024-05-06 20:27:25.012551
2;MQ-7;1174;2024-05-06 20:27:25.013544
3;MQ-135;11031;2024-05-06 20:27:25.014545
4;DHT-11;42.3;2024-05-06 20:27:25.014545
5;MPU-6050;139.02877400020472;2024-05-06 20:27:25.015545
6;VL53L0X;-0.6378439015865467;2024-05-06 20:27:25.015545
7;F01R064905;70;2024-05-06 20:27:25.015545
1;MQ-2;0;2024-05-06 20:27:25.117509
2;MQ-7;1167;2024-05-06 20:27:25.118503
3;MQ-135;11028;2024-05-06 20:27:25.118503
4;DHT-11;42.8;2024-05-06 20:27:25.119512
5;MPU-6050;264.6714944983687;2024-05-06 20:27:25.119512
6;VL53L0X;-0.6378899401891935;2024-05-06 20:27:25.120504
7;F01R064905;70;2024-05-06 20:27:25.120504
1;MQ-2;0;2024-05-06 20:27:25.221410
2;MQ-7;1166;2024-05-06 20:27:25.222407
3;MQ-135;11026;2024-05-06 20:27:25.223408
4;DHT-11;43.6;2024-05-06 20:27:25.223408
5;MPU-6050;236.86494041964082;2024-05-06 20:27:25.223408
6;VL53L0X;-0.6471485926503936;2024-05-06 20:27:25.224407
7;F01R064905;70;2024-05-06 20:27:25.224407
1;MQ-2;1;2024-05-06 20:27:25.325822
2;MQ-7;1167;2024-05-06 20:27:25.326825
3;MQ-135;11031;2024-05-06 20:27:25.326825
4;DHT-11;43.1;2024-05-06 20:27:25.327825
5;MPU-6050;173.352242558324;2024-05-06 20:27:25.327825
6;VL53L0X;-0.6724986152398611;2024-05-06 20:27:25.328823
7;F01R064905;71;2024-05-06 20:27:25.329824
1;MQ-2;2;2024-05-06 20:27:25.431825
2;MQ-7;1170;2024-05-06 20:27:25.432824
3;MQ-135;11037;2024-05-06 20:27:25.433824
4;DHT-11;43.0;2024-05-06 20:27:25.434825
5;MPU-6050;92.11948762341224;2024-05-06 20:27:25.434825
6;VL53L0X;-0.7100699386957444;2024-05-06 20:27:25.435824
7;F01R064905;72;2024-05-06 20:27:25.435824
1;MQ-2;1;2024-05-06 20:27:25.538342
2;MQ-7;1162;2024-05-06 20:27:25.540343
3;MQ-135;11033;2024-05-06 20:27:25.541343
4;DHT-11;43.8;2024-05-06 20:27:25.542341
5;MPU-6050;184.69704924551448;2024-05-06 20:27:25.543341
6;VL53L0X;-0.7101532906548652;2024-05-06 20:27:25.543341
7;F01R064905;71;2024-05-06 20:27:25.544342
1;MQ-2;2;2024-05-06 20:27:25.646339
2;MQ-7;1168;2024-05-06 20:27:25.647342
3;MQ-135;11036;2024-05-06 20:27:25.648341
4;DHT-11;43.8;2024-05-06 20:27:25.649342
5;MPU-6050;196.48409604850974;2024-05-06 20:27:25.649342
6;VL53L0X;-0.7102312491663445;2024-05-06 20:27:25.650342
7;F01R064905;73;2024-05-06 20:27:25.650342
1;MQ-2;3;2024-05-06 20:27:25.752355
2;MQ-7;1172;2024-05-06 20:27:25.752355
3;MQ-135;11038;2024-05-06 20:27:25.753342
4;DHT-11;43.8;2024-05-06 20:27:25.753342
5;MPU-6050;245.22846490568747;2024-05-06 20:27:25.754341
6;VL53L0X;-0.7102949196252155;2024-05-06 20:27:25.754341
7;F01R064905;75;2024-05-06 20:27:25.755341
1;MQ-2;1;2024-05-06 20:27:25.858341
2;MQ-7;1168;2024-05-06 20:27:25.859341
3;MQ-135;11036;2024-05-06 20:27:25.862342
4;DHT-11;44.0;2024-05-06 20:27:25.863342
5;MPU-6050;240.07290559328015;2024-05-06 20:27:25.863342
6;VL53L0X;-0.752566450904259;2024-05-06 20:27:25.864342
7;F01R064905;74;2024-05-06 20:27:25.865340
1;MQ-2;0;2024-05-06 20:27:25.967342
2;MQ-7;1167;2024-05-06 20:27:25.968342
3;MQ-135;11031;2024-05-06 20:27:25.969342
4;DHT-11;45.0;2024-05-06 20:27:25.970342
5;MPU-6050;139.5313584826006;2024-05-06 20:27:25.970342
6;VL53L0X;-0.7621481404686004;2024-05-06 20:27:25.972341
7;F01R064905;71;2024-05-06 20:27:25.973345
1;MQ-2;0;2024-05-06 20:27:26.076341
2;MQ-7;1164;2024-05-06 20:27:26.077343
3;MQ-135;11027;2024-05-06 20:27:26.078344
4;DHT-11;45.6;2024-05-06 20:27:26.079342
5;MPU-6050;164.21327595538676;2024-05-06 20:27:26.080342
6;VL53L0X;-0.7621736391757541;2024-05-06 20:27:26.080342
7;F01R064905;70;2024-05-06 20:27:26.081342
1;MQ-2;0;2024-05-06 20:27:26.190341
2;MQ-7;1162;2024-05-06 20:27:26.195342
3;MQ-135;11021;2024-05-06 20:27:26.210342
4;DHT-11;46.3;2024-05-06 20:27:26.211341
5;MPU-6050;287.86802531715813;2024-05-06 20:27:26.211341
6;VL53L0X;-0.7621764116675245;2024-05-06 20:27:26.212342
7;F01R064905;70;2024-05-06 20:27:26.212342
1;MQ-2;0;2024-05-06 20:27:26.314340
2;MQ-7;1159;2024-05-06 20:27:26.315870
3;MQ-135;11013;2024-05-06 20:27:26.317861
4;DHT-11;46.3;2024-05-06 20:27:26.317861
5;MPU-6050;218.27963716297495;2024-05-06 20:27:26.318861
6;VL53L0X;-0.7896331225051344;2024-05-06 20:27:26.318861
7;F01R064905;70;2024-05-06 20:27:26.319862
1;MQ-2;0;2024-05-06 20:27:26.420858
2;MQ-7;1152;2024-05-06 20:27:26.422863
3;MQ-135;11012;2024-05-06 20:27:26.423863
4;DHT-11;46.5;2024-05-06 20:27:26.423863
5;MPU-6050;165.97288935244816;2024-05-06 20:27:26.424860
6;VL53L0X;-0.8395699317467676;2024-05-06 20:27:26.424860
7;F01R064905;70;2024-05-06 20:27:26.425861
1;MQ-2;0;2024-05-06 20:27:26.527330
2;MQ-7;1499;2024-05-06 20:27:26.527330
3;MQ-135;11342;2024-05-06 20:27:26.528314
4;DHT-11;45.4;2024-05-06 20:27:26.529314
5;MPU-6050;80.2122185206219;2024-05-06 20:27:26.530315
6;VL53L0X;-0.8688796137768644;2024-05-06 20:27:26.530315
7;F01R064905;73.6;2024-05-06 20:27:26.531314
1;MQ-2;0;2024-05-06 20:27:26.632504
2;MQ-7;1949;2024-05-06 20:27:26.633502
3;MQ-135;11682;2024-05-06 20:27:26.635503
4;DHT-11;43.6;2024-05-06 20:27:26.647502
5;MPU-6050;293.41608681188563;2024-05-06 20:27:26.648502
6;VL53L0X;-0.8689594114186433;2024-05-06 20:27:26.648502
7;F01R064905;77.2;2024-05-06 20:27:26.649505
1;MQ-2;0;2024-05-06 20:27:26.751500
2;MQ-7;2534;2024-05-06 20:27:26.752502
3;MQ-135;12032;2024-05-06 20:27:26.754506
4;DHT-11;41.8;2024-05-06 20:27:26.757504
5;MPU-6050;127.14558584551806;2024-05-06 20:27:26.758503
6;VL53L0X;-0.8918638583478273;2024-05-06 20:27:26.758503
7;F01R064905;79.0;2024-05-06 20:27:26.760503
1;MQ-2;0;2024-05-06 20:27:26.862628
2;MQ-7;3294;2024-05-06 20:27:26.863477
3;MQ-135;12393;2024-05-06 20:27:26.864489
4;DHT-11;41.3;2024-05-06 20:27:26.864489
5;MPU-6050;182.16750533506243;2024-05-06 20:27:26.865488
6;VL53L0X;-0.8919156557417044;2024-05-06 20:27:26.865488
7;F01R064905;80.8;2024-05-06 20:27:26.866489
1;MQ-2;0;2024-05-06 20:27:26.967350
2;MQ-7;4283;2024-05-06 20:27:26.968336
3;MQ-135;12764;2024-05-06 20:27:26.968336
4;DHT-11;40.1;2024-05-06 20:27:26.969335
5;MPU-6050;219.6406155518601;2024-05-06 20:27:26.970354
6;VL53L0X;-0.8919588678421599;2024-05-06 20:27:26.970354
7;F01R064905;84.4;2024-05-06 20:27:26.971346
1;MQ-2;1;2024-05-06 20:27:27.072500
2;MQ-7;4285;2024-05-06 20:27:27.073306
3;MQ-135;12771;2024-05-06 20:27:27.073306
4;DHT-11;39.1;2024-05-06 20:27:27.074301
5;MPU-6050;220.24758795501032;2024-05-06 20:27:27.074301
6;VL53L0X;-0.8920573016082141;2024-05-06 20:27:27.074301
7;F01R064905;86.4;2024-05-06 20:27:27.075300
1;MQ-2;0;2024-05-06 20:27:27.176386
2;MQ-7;4278;2024-05-06 20:27:27.179387
3;MQ-135;12765;2024-05-06 20:27:27.179387
4;DHT-11;39.2;2024-05-06 20:27:27.180385
5;MPU-6050;203.37649815059754;2024-05-06 20:27:27.180385
6;VL53L0X;-0.8977602413417438;2024-05-06 20:27:27.181386
7;F01R064905;84.4;2024-05-06 20:27:27.181386
1;MQ-2;0;2024-05-06 20:27:27.283122
2;MQ-7;4274;2024-05-06 20:27:27.283122
3;MQ-135;12762;2024-05-06 20:27:27.284120
4;DHT-11;39.6;2024-05-06 20:27:27.285120
5;MPU-6050;82.3164625090267;2024-05-06 20:27:27.285120
6;VL53L0X;-0.9183068191819437;2024-05-06 20:27:27.285120
7;F01R064905;83.4;2024-05-06 20:27:27.286120
1;MQ-2;0;2024-05-06 20:27:27.387341
2;MQ-7;4268;2024-05-06 20:27:27.387341
3;MQ-135;12757;2024-05-06 20:27:27.388340
4;DHT-11;40.4;2024-05-06 20:27:27.389340
5;MPU-6050;293.7243605831835;2024-05-06 20:27:27.389340
6;VL53L0X;-0.9183749358228106;2024-05-06 20:27:27.390340
7;F01R064905;81.4;2024-05-06 20:27:27.390340
1;MQ-2;0;2024-05-06 20:27:27.493189
2;MQ-7;4262;2024-05-06 20:27:27.493189
3;MQ-135;12750;2024-05-06 20:27:27.494171
4;DHT-11;41.0;2024-05-06 20:27:27.494171
5;MPU-6050;274.0255462543593;2024-05-06 20:27:27.495170
6;VL53L0X;-0.9314115838453721;2024-05-06 20:27:27.495170
7;F01R064905;80.4;2024-05-06 20:27:27.496170
1;MQ-2;1;2024-05-06 20:27:27.597107
2;MQ-7;4266;2024-05-06 20:27:27.598106
3;MQ-135;12753;2024-05-06 20:27:27.598106
4;DHT-11;40.9;2024-05-06 20:27:27.598106
5;MPU-6050;263.61714663503966;2024-05-06 20:27:27.599107
6;VL53L0X;-0.9367563627567504;2024-05-06 20:27:27.599107
7;F01R064905;82.4;2024-05-06 20:27:27.599107
1;MQ-2;0;2024-05-06 20:27:27.701735
2;MQ-7;4261;2024-05-06 20:27:27.701735
3;MQ-135;12746;2024-05-06 20:27:27.702717
4;DHT-11;41.7;2024-05-06 20:27:27.702717
5;MPU-6050;154.20116731075677;2024-05-06 20:27:27.703718
6;VL53L0X;-0.9585078781411065;2024-05-06 20:27:27.703718
7;F01R064905;80.4;2024-05-06 20:27:27.703718
1;MQ-2;0;2024-05-06 20:27:27.807324
2;MQ-7;5967;2024-05-06 20:27:27.807324
3;MQ-135;13256;2024-05-06 20:27:27.808325
4;DHT-11;38.4;2024-05-06 20:27:27.809325
5;MPU-6050;202.12125073826354;2024-05-06 20:27:27.809325
6;VL53L0X;-0.9585672546364403;2024-05-06 20:27:27.809325
7;F01R064905;87.6;2024-05-06 20:27:27.810325
1;MQ-2;0;2024-05-06 20:27:27.912542
2;MQ-7;5963;2024-05-06 20:27:27.912542
3;MQ-135;13249;2024-05-06 20:27:27.913540
4;DHT-11;38.8;2024-05-06 20:27:27.913540
5;MPU-6050;211.05923339195564;2024-05-06 20:27:27.914540
6;VL53L0X;-0.9586670733215562;2024-05-06 20:27:27.914540
7;F01R064905;84.6;2024-05-06 20:27:27.914540
1;MQ-2;0;2024-05-06 20:27:28.017316
2;MQ-7;5955;2024-05-06 20:27:28.018312
3;MQ-135;13246;2024-05-06 20:27:28.019300
4;DHT-11;38.9;2024-05-06 20:27:28.019300
5;MPU-6050;280.51024936711315;2024-05-06 20:27:28.019300
6;VL53L0X;-0.9586896097219466;2024-05-06 20:27:28.020301
7;F01R064905;81.6;2024-05-06 20:27:28.020301
1;MQ-2;0;2024-05-06 20:27:28.122526
2;MQ-7;5951;2024-05-06 20:27:28.122526
3;MQ-135;13245;2024-05-06 20:27:28.123520
4;DHT-11;39.7;2024-05-06 20:27:28.124519
5;MPU-6050;131.55607169568418;2024-05-06 20:27:28.126520
6;VL53L0X;-1.0052948050290325;2024-05-06 20:27:28.126520
7;F01R064905;80.6;2024-05-06 20:27:28.126520
1;MQ-2;0;2024-05-06 20:27:28.228031
2;MQ-7;5950;2024-05-06 20:27:28.229041
3;MQ-135;13238;2024-05-06 20:27:28.230029
4;DHT-11;40.2;2024-05-06 20:27:28.230029
5;MPU-6050;184.43969204051496;2024-05-06 20:27:28.230029
6;VL53L0X;-1.0053065141895152;2024-05-06 20:27:28.231029
7;F01R064905;78.6;2024-05-06 20:27:28.231029
1;MQ-2;0;2024-05-06 20:27:28.333378
2;MQ-7;5948;2024-05-06 20:27:28.333378
3;MQ-135;13234;2024-05-06 20:27:28.334372
4;DHT-11;40.9;2024-05-06 20:27:28.334372
5;MPU-6050;231.56208670678367;2024-05-06 20:27:28.335384
6;VL53L0X;-1.0053449226728426;2024-05-06 20:27:28.335384
7;F01R064905;75.6;2024-05-06 20:27:28.335384
1;MQ-2;0;2024-05-06 20:27:28.437741
2;MQ-7;5941;2024-05-06 20:27:28.438742
3;MQ-135;13229;2024-05-06 20:27:28.438742
4;DHT-11;41.8;2024-05-06 20:27:28.439741
5;MPU-6050;212.61232325526194;2024-05-06 20:27:28.439741
6;VL53L0X;-1.0327569462857322;2024-05-06 20:27:28.440739
7;F01R064905;72.6;2024-05-06 20:27:28.440739
1;MQ-2;0;2024-05-06 20:27:28.542748
2;MQ-7;5935;2024-05-06 20:27:28.542748
3;MQ-135;13221;2024-05-06 20:27:28.543741
4;DHT-11;41.8;2024-05-06 20:27:28.543741
5;MPU-6050;202.79053232338043;2024-05-06 20:27:28.544752
6;VL53L0X;-1.0430226053801035;2024-05-06 20:27:28.544752
7;F01R064905;70;2024-05-06 20:27:28.545741
1;MQ-2;0;2024-05-06 20:27:28.648739
2;MQ-7;5933;2024-05-06 20:27:28.651740
3;MQ-135;13214;2024-05-06 20:27:28.661740
4;DHT-11;42.0;2024-05-06 20:27:28.679741
5;MPU-6050;233.368806827305;2024-05-06 20:27:28.685742
6;VL53L0X;-1.0430926934701317;2024-05-06 20:27:28.686741
7;F01R064905;70;2024-05-06 20:27:28.695740
1;MQ-2;1;2024-05-06 20:27:28.803739
2;MQ-7;8307;2024-05-06 20:27:28.805740
3;MQ-135;13742;2024-05-06 20:27:28.807742
4;DHT-11;39.2;2024-05-06 20:27:28.808740
5;MPU-6050;218.9748844045819;2024-05-06 20:27:28.809741
6;VL53L0X;-1.0728224212987167;2024-05-06 20:27:28.809741
7;F01R064905;74.8;2024-05-06 20:27:28.813740
1;MQ-2;2;2024-05-06 20:27:28.914739
2;MQ-7;11630;2024-05-06 20:27:28.915740
3;MQ-135;14291;2024-05-06 20:27:28.916741
4;DHT-11;35.4;2024-05-06 20:27:28.917741
5;MPU-6050;224.69757453074567;2024-05-06 20:27:28.917741
6;VL53L0X;-1.0728688462601144;2024-05-06 20:27:28.918740
7;F01R064905;82.0;2024-05-06 20:27:28.919742
1;MQ-2;0;2024-05-06 20:27:29.020749
2;MQ-7;11628;2024-05-06 20:27:29.021741
3;MQ-135;14286;2024-05-06 20:27:29.022739
4;DHT-11;36.4;2024-05-06 20:27:29.022739
5;MPU-6050;240.61795444230674;2024-05-06 20:27:29.022739
6;VL53L0X;-1.072964275976239;2024-05-06 20:27:29.023739
7;F01R064905;79.0;2024-05-06 20:27:29.023739
1;MQ-2;0;2024-05-06 20:27:29.125626
2;MQ-7;11621;2024-05-06 20:27:29.125626
3;MQ-135;14285;2024-05-06 20:27:29.126611
4;DHT-11;36.6;2024-05-06 20:27:29.127609
5;MPU-6050;214.05840324546944;2024-05-06 20:27:29.127609
6;VL53L0X;-1.089553104429609;2024-05-06 20:27:29.127609
7;F01R064905;77.0;2024-05-06 20:27:29.128609
1;MQ-2;0;2024-05-06 20:27:29.230698
2;MQ-7;11618;2024-05-06 20:27:29.231698
3;MQ-135;14280;2024-05-06 20:27:29.232699
4;DHT-11;37.5;2024-05-06 20:27:29.232699
5;MPU-6050;188.85444130334875;2024-05-06 20:27:29.232699
6;VL53L0X;-1.137447106089088;2024-05-06 20:27:29.233708
7;F01R064905;74.0;2024-05-06 20:27:29.233708
1;MQ-2;0;2024-05-06 20:27:29.335257
2;MQ-7;16266;2024-05-06 20:27:29.335902
3;MQ-135;14851;2024-05-06 20:27:29.336888
4;DHT-11;36.4;2024-05-06 20:27:29.337886
5;MPU-6050;248.46730167166865;2024-05-06 20:27:29.338886
6;VL53L0X;-1.1374486532134611;2024-05-06 20:27:29.338886
7;F01R064905;78.8;2024-05-06 20:27:29.339886
1;MQ-2;0;2024-05-06 20:27:29.440775
2;MQ-7;16264;2024-05-06 20:27:29.441795
3;MQ-135;14850;2024-05-06 20:27:29.442787
4;DHT-11;37.3;2024-05-06 20:27:29.442787
5;MPU-6050;192.74335267396384;2024-05-06 20:27:29.443793
6;VL53L0X;-1.1722823149452886;2024-05-06 20:27:29.443793
7;F01R064905;76.8;2024-05-06 20:27:29.443793
1;MQ-2;0;2024-05-06 20:27:29.546046
2;MQ-7;16256;2024-05-06 20:27:29.548028
3;MQ-135;14849;2024-05-06 20:27:29.549028
4;DHT-11;37.5;2024-05-06 20:27:29.549028
5;MPU-6050;193.35201059208046;2024-05-06 20:27:29.550029
6;VL53L0X;-1.1722940233110792;2024-05-06 20:27:29.550029
7;F01R064905;74.8;2024-05-06 20:27:29.550029
1;MQ-2;0;2024-05-06 20:27:29.652148
2;MQ-7;22760;2024-05-06 20:27:29.652948
3;MQ-135;15443;2024-05-06 20:27:29.652948
4;DHT-11;35.1;2024-05-06 20:27:29.654936
5;MPU-6050;114.14902540100813;2024-05-06 20:27:29.654936
6;VL53L0X;-1.1913501417619599;2024-05-06 20:27:29.655934
7;F01R064905;79.6;2024-05-06 20:27:29.656936
1;MQ-2;3;2024-05-06 20:27:29.757411
2;MQ-7;22767;2024-05-06 20:27:29.757411
3;MQ-135;15445;2024-05-06 20:27:29.758404
4;DHT-11;34.9;2024-05-06 20:27:29.758404
5;MPU-6050;36.15245496505044;2024-05-06 20:27:29.758404
6;VL53L0X;-1.227116733298233;2024-05-06 20:27:29.759405
7;F01R064905;82.6;2024-05-06 20:27:29.759405
1;MQ-2;0;2024-05-06 20:27:29.861058
2;MQ-7;22765;2024-05-06 20:27:29.861058
3;MQ-135;15444;2024-05-06 20:27:29.862053
4;DHT-11;35.4;2024-05-06 20:27:29.863054
5;MPU-6050;122.2620137246234;2024-05-06 20:27:29.863054
6;VL53L0X;-1.227173221007763;2024-05-06 20:27:29.863054
7;F01R064905;79.6;2024-05-06 20:27:29.864054
1;MQ-2;0;2024-05-06 20:27:29.965475
2;MQ-7;22757;2024-05-06 20:27:29.965475
3;MQ-135;15436;2024-05-06 20:27:29.966451
4;DHT-11;36.4;2024-05-06 20:27:29.967452
5;MPU-6050;261.19150062741323;2024-05-06 20:27:29.967452
6;VL53L0X;-1.2271847400451341;2024-05-06 20:27:29.967452
7;F01R064905;78.6;2024-05-06 20:27:29.968450
1;MQ-2;0;2024-05-06 20:27:30.069923
2;MQ-7;22755;2024-05-06 20:27:30.072927
3;MQ-135;15433;2024-05-06 20:27:30.073925
4;DHT-11;36.5;2024-05-06 20:27:30.074925
5;MPU-6050;165.2936780400267;2024-05-06 20:27:30.074925
6;VL53L0X;-1.2512679490000056;2024-05-06 20:27:30.075926
7;F01R064905;77.6;2024-05-06 20:27:30.076928
1;MQ-2;0;2024-05-06 20:27:30.177440
2;MQ-7;22752;2024-05-06 20:27:30.178436
3;MQ-135;15431;2024-05-06 20:27:30.179439
4;DHT-11;37.1;2024-05-06 20:27:30.179439
5;MPU-6050;185.24578267804102;2024-05-06 20:27:30.180437
6;VL53L0X;-1.2512990290694377;2024-05-06 20:27:30.180437
7;F01R064905;76.6;2024-05-06 20:27:30.180437
1;MQ-2;0;2024-05-06 20:27:30.282979
2;MQ-7;22749;2024-05-06 20:27:30.283979
3;MQ-135;15423;2024-05-06 20:27:30.284979
4;DHT-11;37.4;2024-05-06 20:27:30.285981
5;MPU-6050;151.3770127859577;2024-05-06 20:27:30.285981
6;VL53L0X;-1.271376489296998;2024-05-06 20:27:30.286978
7;F01R064905;73.6;2024-05-06 20:27:30.286978
1;MQ-2;0;2024-05-06 20:27:30.388980
2;MQ-7;22742;2024-05-06 20:27:30.389979
3;MQ-135;15417;2024-05-06 20:27:30.390978
4;DHT-11;37.4;2024-05-06 20:27:30.390978
5;MPU-6050;197.2232237846243;2024-05-06 20:27:30.391978
6;VL53L0X;-1.2714372844343633;2024-05-06 20:27:30.391978
7;F01R064905;70.6;2024-05-06 20:27:30.392979
1;MQ-2;0;2024-05-06 20:27:30.494029
2;MQ-7;34114;2024-05-06 20:27:30.494029
3;MQ-135;16188;2024-05-06 20:27:30.495510
4;DHT-11;33.5;2024-05-06 20:27:30.495510
5;MPU-6050;189.5521036549054;2024-05-06 20:27:30.496500
6;VL53L0X;-1.2789862709844535;2024-05-06 20:27:30.496500
7;F01R064905;76.6;2024-05-06 20:27:30.497498
1;MQ-2;0;2024-05-06 20:27:30.598492
2;MQ-7;50000;2024-05-06 20:27:30.598492
3;MQ-135;16997;2024-05-06 20:27:30.599483
4;DHT-11;28.6;2024-05-06 20:27:30.600483
5;MPU-6050;75.77598564189053;2024-05-06 20:27:30.600483
6;VL53L0X;-1.3237059835580742;2024-05-06 20:27:30.600483
7;F01R064905;82.6;2024-05-06 20:27:30.601493
1;MQ-2;0;2024-05-06 20:27:30.705484
2;MQ-7;49994;2024-05-06 20:27:30.707482
3;MQ-135;16990;2024-05-06 20:27:30.714484
4;DHT-11;29.2;2024-05-06 20:27:30.728482
5;MPU-6050;218.7921387984495;2024-05-06 20:27:30.738485
6;VL53L0X;-1.3237851882668614;2024-05-06 20:27:30.743484
7;F01R064905;80.6;2024-05-06 20:27:30.745483
1;MQ-2;0;2024-05-06 20:27:30.855393
2;MQ-7;50000;2024-05-06 20:27:30.856069
3;MQ-135;17839;2024-05-06 20:27:30.857062
4;DHT-11;25.5;2024-05-06 20:27:30.858061
5;MPU-6050;168.01488029338353;2024-05-06 20:27:30.858061
6;VL53L0X;-1.3238925305847418;2024-05-06 20:27:30.859060
7;F01R064905;89.6;2024-05-06 20:27:30.859060
1;MQ-2;1;2024-05-06 20:27:30.960418
2;MQ-7;50000;2024-05-06 20:27:30.960418
3;MQ-135;18731;2024-05-06 20:27:30.961407
4;DHT-11;21.0;2024-05-06 20:27:30.962405
5;MPU-6050;123.95160345876934;2024-05-06 20:27:30.962405
6;VL53L0X;-1.36471478767824;2024-05-06 20:27:30.962405
7;F01R064905;92.6;2024-05-06 20:27:30.963405
1;MQ-2;0;2024-05-06 20:27:31.064412
2;MQ-7;49998;2024-05-06 20:27:31.065405
3;MQ-135;18723;2024-05-06 20:27:31.067406
4;DHT-11;21.2;2024-05-06 20:27:31.067406
5;MPU-6050;205.25593779474445;2024-05-06 20:27:31.068421
6;VL53L0X;-1.364786343303703;2024-05-06 20:27:31.069406
7;F01R064905;91.6;2024-05-06 20:27:31.069406
1;MQ-2;0;2024-05-06 20:27:31.172407
2;MQ-7;49997;2024-05-06 20:27:31.172407
3;MQ-135;18717;2024-05-06 20:27:31.173406
4;DHT-11;21.7;2024-05-06 20:27:31.173406
5;MPU-6050;205.90046138850684;2024-05-06 20:27:31.174407
6;VL53L0X;-1.3648594555295637;2024-05-06 20:27:31.174407
7;F01R064905;88.6;2024-05-06 20:27:31.175404
1;MQ-2;0;2024-05-06 20:27:31.279293
2;MQ-7;49991;2024-05-06 20:27:31.279293
3;MQ-135;18713;2024-05-06 20:27:31.280293
4;DHT-11;22.3;2024-05-06 20:27:31.280293
5;MPU-6050;168.8342382338369;2024-05-06 20:27:31.281293
6;VL53L0X;-1.3901699299825137;2024-05-06 20:27:31.281293
7;F01R064905;87.6;2024-05-06 20:27:31.282292
1;MQ-2;0;2024-05-06 20:27:31.384776
2;MQ-7;49988;2024-05-06 20:27:31.385771
3;MQ-135;18706;2024-05-06 20:27:31.386770
4;DHT-11;22.4;2024-05-06 20:27:31.387771
5;MPU-6050;140.73023839957068;2024-05-06 20:27:31.387771
6;VL53L0X;-1.4205258070892621;2024-05-06 20:27:31.388774
7;F01R064905;84.6;2024-05-06 20:27:31.388774
1;MQ-2;0;2024-05-06 20:27:31.490095
2;MQ-7;50000;2024-05-06 20:27:31.490095
3;MQ-135;19641;2024-05-06 20:27:31.491087
4;DHT-11;20.2;2024-05-06 20:27:31.491087
5;MPU-6050;279.5800422061632;2024-05-06 20:27:31.492087
6;VL53L0X;-1.4205996450177896;2024-05-06 20:27:31.493091
7;F01R064905;87.6;2024-05-06 20:27:31.494089
1;MQ-2;1;2024-05-06 20:27:31.595093
2;MQ-7;50000;2024-05-06 20:27:31.595093
3;MQ-135;19646;2024-05-06 20:27:31.595989
4;DHT-11;19.4;2024-05-06 20:27:31.595989
5;MPU-6050;197.52468200202222;2024-05-06 20:27:31.596988
6;VL53L0X;-1.4626044559721059;2024-05-06 20:27:31.596988
7;F01R064905;88.6;2024-05-06 20:27:31.597988
1;MQ-2;0;2024-05-06 20:27:31.698990
2;MQ-7;49995;2024-05-06 20:27:31.699980
3;MQ-135;19639;2024-05-06 20:27:31.700981
4;DHT-11;19.9;2024-05-06 20:27:31.700981
5;MPU-6050;222.6679141681621;2024-05-06 20:27:31.701981
6;VL53L0X;-1.4626051132893183;2024-05-06 20:27:31.701981
7;F01R064905;87.6;2024-05-06 20:27:31.701981
1;MQ-2;0;2024-05-06 20:27:31.803981
2;MQ-7;49991;2024-05-06 20:27:31.805513
3;MQ-135;19637;2024-05-06 20:27:31.805513
4;DHT-11;20.2;2024-05-06 20:27:31.806501
5;MPU-6050;189.3700081850344;2024-05-06 20:27:31.807501
6;VL53L0X;-1.4756710400761222;2024-05-06 20:27:31.807501
7;F01R064905;85.6;2024-05-06 20:27:31.807501
1;MQ-2;0;2024-05-06 20:27:31.910607
2;MQ-7;49990;2024-05-06 20:27:31.910607
3;MQ-135;19632;2024-05-06 20:27:31.911602
4;DHT-11;20.7;2024-05-06 20:27:31.912601
5;MPU-6050;63.76519426771944;2024-05-06 20:27:31.912601
6;VL53L0X;-1.5228701158614328;2024-05-06 20:27:31.912601
7;F01R064905;84.6;2024-05-06 20:27:31.913601
1;MQ-2;2;2024-05-06 20:27:32.014695
2;MQ-7;49998;2024-05-06 20:27:32.015516
3;MQ-135;19640;2024-05-06 20:27:32.015516
4;DHT-11;19.9;2024-05-06 20:27:32.016515
5;MPU-6050;223.98214214530586;2024-05-06 20:27:32.016515
6;VL53L0X;-1.522874332931853;2024-05-06 20:27:32.017514
7;F01R064905;86.6;2024-05-06 20:27:32.017514
1;MQ-2;5;2024-05-06 20:27:32.119123
2;MQ-7;50000;2024-05-06 20:27:32.120005
3;MQ-135;19643;2024-05-06 20:27:32.120005
4;DHT-11;19.0;2024-05-06 20:27:32.121017
5;MPU-6050;123.23960402403117;2024-05-06 20:27:32.121017
6;VL53L0X;-1.547162935676496;2024-05-06 20:27:32.121017
7;F01R064905;89.6;2024-05-06 20:27:32.122015
1;MQ-2;8;2024-05-06 20:27:32.222515
2;MQ-7;50000;2024-05-06 20:27:32.223508
3;MQ-135;19647;2024-05-06 20:27:32.223508
4;DHT-11;18.8;2024-05-06 20:27:32.223508
5;MPU-6050;195.27416623813812;2024-05-06 20:27:32.224508
6;VL53L0X;-1.547192380225897;2024-05-06 20:27:32.224508
7;F01R064905;90.6;2024-05-06 20:27:32.224508
1;MQ-2;10;2024-05-06 20:27:32.325822
2;MQ-7;50000;2024-05-06 20:27:32.326602
3;MQ-135;19650;2024-05-06 20:27:32.326602
4;DHT-11;17.9;2024-05-06 20:27:32.327627
5;MPU-6050;145.5128860273206;2024-05-06 20:27:32.328618
6;VL53L0X;-1.5481638058688278;2024-05-06 20:27:32.328618
7;F01R064905;92.6;2024-05-06 20:27:32.328618
1;MQ-2;11;2024-05-06 20:27:32.430000
2;MQ-7;50000;2024-05-06 20:27:32.431083
3;MQ-135;19653;2024-05-06 20:27:32.431083
4;DHT-11;17.4;2024-05-06 20:27:32.431083
5;MPU-6050;276.69116357411923;2024-05-06 20:27:32.432104
6;VL53L0X;-1.5482376063263354;2024-05-06 20:27:32.432104
7;F01R064905;94.6;2024-05-06 20:27:32.432104
1;MQ-2;10;2024-05-06 20:27:32.533982
2;MQ-7;49995;2024-05-06 20:27:32.533982
3;MQ-135;19648;2024-05-06 20:27:32.534989
4;DHT-11;17.9;2024-05-06 20:27:32.534989
5;MPU-6050;273.79006556118867;2024-05-06 20:27:32.535990
6;VL53L0X;-1.5642958866039565;2024-05-06 20:27:32.535990
7;F01R064905;91.6;2024-05-06 20:27:32.536980
1;MQ-2;13;2024-05-06 20:27:32.637835
2;MQ-7;50000;2024-05-06 20:27:32.638825
3;MQ-135;19651;2024-05-06 20:27:32.639823
4;DHT-11;17.3;2024-05-06 20:27:32.639823
5;MPU-6050;210.13567046077637;2024-05-06 20:27:32.640826
6;VL53L0X;-1.5721536262562668;2024-05-06 20:27:32.640826
7;F01R064905;92.6;2024-05-06 20:27:32.641825
1;MQ-2;12;2024-05-06 20:27:32.743825
2;MQ-7;49992;2024-05-06 20:27:32.744826
3;MQ-135;19646;2024-05-06 20:27:32.745825
4;DHT-11;17.8;2024-05-06 20:27:32.746825
5;MPU-6050;210.32356025894958;2024-05-06 20:27:32.747825
6;VL53L0X;-1.5722255017010023;2024-05-06 20:27:32.747825
7;F01R064905;90.6;2024-05-06 20:27:32.748824
1;MQ-2;13;2024-05-06 20:27:32.850823
2;MQ-7;49997;2024-05-06 20:27:32.851824
3;MQ-135;19650;2024-05-06 20:27:32.851824
4;DHT-11;17.5;2024-05-06 20:27:32.852826
5;MPU-6050;238.4848003542364;2024-05-06 20:27:32.852826
6;VL53L0X;-1.5722641108129234;2024-05-06 20:27:32.853827
7;F01R064905;91.6;2024-05-06 20:27:32.853827
1;MQ-2;15;2024-05-06 20:27:32.954685
2;MQ-7;49999;2024-05-06 20:27:32.955587
3;MQ-135;19654;2024-05-06 20:27:32.955587
4;DHT-11;17.4;2024-05-06 20:27:32.956587
5;MPU-6050;187.68057970924963;2024-05-06 20:27:32.957586
6;VL53L0X;-1.614451435184112;2024-05-06 20:27:32.957586
7;F01R064905;94.6;2024-05-06 20:27:32.958586
1;MQ-2;14;2024-05-06 20:27:33.060140
2;MQ-7;49996;2024-05-06 20:27:33.061126
3;MQ-135;19651;2024-05-06 20:27:33.062127
4;DHT-11;17.5;2024-05-06 20:27:33.062127
5;MPU-6050;207.91825316695983;2024-05-06 20:27:33.063127
6;VL53L0X;-1.6145000786047379;2024-05-06 20:27:33.063127
7;F01R064905;91.6;2024-05-06 20:27:33.063127
1;MQ-2;13;2024-05-06 20:27:33.165166
2;MQ-7;49989;2024-05-06 20:27:33.166127
3;MQ-135;19646;2024-05-06 20:27:33.167128
4;DHT-11;18.0;2024-05-06 20:27:33.167128
5;MPU-6050;151.58495967608397;2024-05-06 20:27:33.168133
6;VL53L0X;-1.65680041753141;2024-05-06 20:27:33.168133
7;F01R064905;88.6;2024-05-06 20:27:33.168133
1;MQ-2;11;2024-05-06 20:27:33.270598
2;MQ-7;49981;2024-05-06 20:27:33.270598
3;MQ-135;19641;2024-05-06 20:27:33.271579
4;DHT-11;18.9;2024-05-06 20:27:33.271579
5;MPU-6050;252.28158870595374;2024-05-06 20:27:33.272578
6;VL53L0X;-1.656846006810344;2024-05-06 20:27:33.272578
7;F01R064905;86.6;2024-05-06 20:27:33.272578
1;MQ-2;8;2024-05-06 20:27:33.374402
2;MQ-7;49976;2024-05-06 20:27:33.375369
3;MQ-135;19639;2024-05-06 20:27:33.376367
4;DHT-11;19.3;2024-05-06 20:27:33.377367
5;MPU-6050;231.54049321878884;2024-05-06 20:27:33.377367
6;VL53L0X;-1.6812712022095089;2024-05-06 20:27:33.378367
7;F01R064905;83.6;2024-05-06 20:27:33.378367
1;MQ-2;6;2024-05-06 20:27:33.480400
2;MQ-7;49969;2024-05-06 20:27:33.481400
3;MQ-135;19634;2024-05-06 20:27:33.482401
4;DHT-11;19.4;2024-05-06 20:27:33.482401
5;MPU-6050;116.69190203266035;2024-05-06 20:27:33.482401
6;VL53L0X;-1.6837461376224065;2024-05-06 20:27:33.483401
7;F01R064905;81.6;2024-05-06 20:27:33.483401
1;MQ-2;7;2024-05-06 20:27:33.584605
2;MQ-7;49975;2024-05-06 20:27:33.585637
3;MQ-135;19639;2024-05-06 20:27:33.585637
4;DHT-11;19.3;2024-05-06 20:27:33.585637
5;MPU-6050;130.9427355755179;2024-05-06 20:27:33.586624
6;VL53L0X;-1.6838416299911985;2024-05-06 20:27:33.586624
7;F01R064905;83.6;2024-05-06 20:27:33.587615
1;MQ-2;6;2024-05-06 20:27:33.688402
2;MQ-7;49971;2024-05-06 20:27:33.690404
3;MQ-135;19634;2024-05-06 20:27:33.691402
4;DHT-11;19.8;2024-05-06 20:27:33.691402
5;MPU-6050;133.51029922818688;2024-05-06 20:27:33.692402
6;VL53L0X;-1.6838850306755044;2024-05-06 20:27:33.692402
7;F01R064905;80.6;2024-05-06 20:27:33.693402
1;MQ-2;4;2024-05-06 20:27:33.794401
2;MQ-7;49964;2024-05-06 20:27:33.795934
3;MQ-135;19631;2024-05-06 20:27:33.797921
4;DHT-11;20.7;2024-05-06 20:27:33.798921
5;MPU-6050;248.66443251900742;2024-05-06 20:27:33.798921
6;VL53L0X;-1.6838977071020405;2024-05-06 20:27:33.799919
7;F01R064905;79.6;2024-05-06 20:27:33.799919
1;MQ-2;5;2024-05-06 20:27:33.901920
2;MQ-7;49972;2024-05-06 20:27:33.902920
3;MQ-135;19635;2024-05-06 20:27:33.904919
4;DHT-11;20.2;2024-05-06 20:27:33.905921
5;MPU-6050;212.5841010047553;2024-05-06 20:27:33.906921
6;VL53L0X;-1.6984729771950209;2024-05-06 20:27:33.907920
7;F01R064905;80.6;2024-05-06 20:27:33.907920
1;MQ-2;2;2024-05-06 20:27:34.009918
2;MQ-7;49964;2024-05-06 20:27:34.011920
3;MQ-135;19628;2024-05-06 20:27:34.012921
4;DHT-11;20.9;2024-05-06 20:27:34.012921
5;MPU-6050;65.30696746902278;2024-05-06 20:27:34.013922
6;VL53L0X;-1.7072374809963364;2024-05-06 20:27:34.013922
7;F01R064905;79.6;2024-05-06 20:27:34.014922
1;MQ-2;0;2024-05-06 20:27:34.116106
2;MQ-7;49958;2024-05-06 20:27:34.117100
3;MQ-135;19622;2024-05-06 20:27:34.118099
4;DHT-11;21.0;2024-05-06 20:27:34.118099
5;MPU-6050;128.44843323295152;2024-05-06 20:27:34.119100
6;VL53L0X;-1.7072577566247473;2024-05-06 20:27:34.119100
7;F01R064905;78.6;2024-05-06 20:27:34.119100
1;MQ-2;1;2024-05-06 20:27:34.220150
2;MQ-7;49965;2024-05-06 20:27:34.221021
3;MQ-135;19627;2024-05-06 20:27:34.221021
4;DHT-11;20.1;2024-05-06 20:27:34.222042
5;MPU-6050;130.40705502387516;2024-05-06 20:27:34.222042
6;VL53L0X;-1.7072676933128503;2024-05-06 20:27:34.222042
7;F01R064905;81.6;2024-05-06 20:27:34.223031
1;MQ-2;4;2024-05-06 20:27:34.324320
2;MQ-7;49969;2024-05-06 20:27:34.325308
3;MQ-135;19628;2024-05-06 20:27:34.325834
4;DHT-11;19.8;2024-05-06 20:27:34.325834
5;MPU-6050;200.40209579742424;2024-05-06 20:27:34.326826
6;VL53L0X;-1.707354178930586;2024-05-06 20:27:34.326826
7;F01R064905;82.6;2024-05-06 20:27:34.327827
1;MQ-2;2;2024-05-06 20:27:34.428873
2;MQ-7;49966;2024-05-06 20:27:34.429826
3;MQ-135;19620;2024-05-06 20:27:34.430836
4;DHT-11;20.6;2024-05-06 20:27:34.430836
5;MPU-6050;257.14781741247583;2024-05-06 20:27:34.430836
6;VL53L0X;-1.7074316132209175;2024-05-06 20:27:34.431839
7;F01R064905;80.6;2024-05-06 20:27:34.431839
1;MQ-2;5;2024-05-06 20:27:34.533630
2;MQ-7;49972;2024-05-06 20:27:34.533630
3;MQ-135;19624;2024-05-06 20:27:34.534636
4;DHT-11;20.1;2024-05-06 20:27:34.534636
5;MPU-6050;281.93970986719836;2024-05-06 20:27:34.535625
6;VL53L0X;-1.7074556180753633;2024-05-06 20:27:34.535625
7;F01R064905;81.6;2024-05-06 20:27:34.535625
1;MQ-2;7;2024-05-06 20:27:34.636906
2;MQ-7;49976;2024-05-06 20:27:34.637901
3;MQ-135;19630;2024-05-06 20:27:34.638904
4;DHT-11;19.9;2024-05-06 20:27:34.638904
5;MPU-6050;241.45185855569636;2024-05-06 20:27:34.639904
6;VL53L0X;-1.7388091556545617;2024-05-06 20:27:34.639904
7;F01R064905;83.6;2024-05-06 20:27:34.640904
1;MQ-2;9;2024-05-06 20:27:34.742297
2;MQ-7;49978;2024-05-06 20:27:34.742824
3;MQ-135;19636;2024-05-06 20:27:34.743818
4;DHT-11;19.8;2024-05-06 20:27:34.743818
5;MPU-6050;189.8578415552015;2024-05-06 20:27:34.743818
6;VL53L0X;-1.7454049184547618;2024-05-06 20:27:34.744816
7;F01R064905;84.6;2024-05-06 20:27:34.744816
1;MQ-2;10;2024-05-06 20:27:34.851128
2;MQ-7;49979;2024-05-06 20:27:34.852127
3;MQ-135;19644;2024-05-06 20:27:34.853127
4;DHT-11;18.8;2024-05-06 20:27:34.853127
5;MPU-6050;209.4134666156883;2024-05-06 20:27:34.854129
6;VL53L0X;-1.745440456744749;2024-05-06 20:27:34.854129
7;F01R064905;86.6;2024-05-06 20:27:34.855127
1;MQ-2;9;2024-05-06 20:27:34.957129
2;MQ-7;49975;2024-05-06 20:27:34.958128
3;MQ-135;19639;2024-05-06 20:27:34.959128
4;DHT-11;19.0;2024-05-06 20:27:34.960129
5;MPU-6050;99.73464794142505;2024-05-06 20:27:34.960129
6;VL53L0X;-1.7774002047621524;2024-05-06 20:27:34.961131
7;F01R064905;85.6;2024-05-06 20:27:34.961131
1;MQ-2;12;2024-05-06 20:27:35.062131
2;MQ-7;49982;2024-05-06 20:27:35.062131
3;MQ-135;19645;2024-05-06 20:27:35.063130
4;DHT-11;18.2;2024-05-06 20:27:35.063130
5;MPU-6050;191.2955828031583;2024-05-06 20:27:35.064128
6;VL53L0X;-1.7774504795781112;2024-05-06 20:27:35.064128
7;F01R064905;87.6;2024-05-06 20:27:35.065129
1;MQ-2;14;2024-05-06 20:27:35.166134
2;MQ-7;49984;2024-05-06 20:27:35.166134
3;MQ-135;19650;2024-05-06 20:27:35.167127
4;DHT-11;17.9;2024-05-06 20:27:35.167127
5;MPU-6050;185.28626500634093;2024-05-06 20:27:35.167127
6;VL53L0X;-1.7967384758474356;2024-05-06 20:27:35.168128
7;F01R064905;89.6;2024-05-06 20:27:35.168128
1;MQ-2;15;2024-05-06 20:27:35.270016
2;MQ-7;49990;2024-05-06 20:27:35.271004
3;MQ-135;19652;2024-05-06 20:27:35.271004
4;DHT-11;17.7;2024-05-06 20:27:35.272002
5;MPU-6050;197.727084639409;2024-05-06 20:27:35.272002
6;VL53L0X;-1.796820023691659;2024-05-06 20:27:35.272002
7;F01R064905;92.6;2024-05-06 20:27:35.273006
1;MQ-2;18;2024-05-06 20:27:35.374010
2;MQ-7;49997;2024-05-06 20:27:35.374010
3;MQ-135;19657;2024-05-06 20:27:35.375004
4;DHT-11;17.3;2024-05-06 20:27:35.375539
5;MPU-6050;162.46230331987786;2024-05-06 20:27:35.375539
6;VL53L0X;-1.841888306546519;2024-05-06 20:27:35.376528
7;F01R064905;93.6;2024-05-06 20:27:35.376528
1;MQ-2;19;2024-05-06 20:27:35.477734
2;MQ-7;49999;2024-05-06 20:27:35.477734
3;MQ-135;19658;2024-05-06 20:27:35.478732
4;DHT-11;17.0;2024-05-06 20:27:35.478732
5;MPU-6050;178.08986495586996;2024-05-06 20:27:35.479723
6;VL53L0X;-1.8419331536332588;2024-05-06 20:27:35.479723
7;F01R064905;96.6;2024-05-06 20:27:35.479723
1;MQ-2;18;2024-05-06 20:27:35.582750
2;MQ-7;49991;2024-05-06 20:27:35.582750
3;MQ-135;19652;2024-05-06 20:27:35.583746
4;DHT-11;17.9;2024-05-06 20:27:35.583746
5;MPU-6050;214.90695661146012;2024-05-06 20:27:35.584746
6;VL53L0X;-1.8419665880435188;2024-05-06 20:27:35.584746
7;F01R064905;95.6;2024-05-06 20:27:35.584746
1;MQ-2;16;2024-05-06 20:27:35.686897
2;MQ-7;49984;2024-05-06 20:27:35.687904
3;MQ-135;19647;2024-05-06 20:27:35.688895
4;DHT-11;18.4;2024-05-06 20:27:35.688895
5;MPU-6050;245.36299639513697;2024-05-06 20:27:35.689895
6;VL53L0X;-1.8420120508165176;2024-05-06 20:27:35.689895
7;F01R064905;92.6;2024-05-06 20:27:35.690906
1;MQ-2;15;2024-05-06 20:27:35.792019
2;MQ-7;49977;2024-05-06 20:27:35.792904
3;MQ-135;19641;2024-05-06 20:27:35.793896
4;DHT-11;19.0;2024-05-06 20:27:35.793896
5;MPU-6050;273.09705234586477;2024-05-06 20:27:35.794905
6;VL53L0X;-1.8420230993336704;2024-05-06 20:27:35.794905
7;F01R064905;91.6;2024-05-06 20:27:35.794905
1;MQ-2;12;2024-05-06 20:27:35.896892
2;MQ-7;49974;2024-05-06 20:27:35.898895
3;MQ-135;19640;2024-05-06 20:27:35.899896
4;DHT-11;19.5;2024-05-06 20:27:35.899896
5;MPU-6050;219.2852024191327;2024-05-06 20:27:35.899896
6;VL53L0X;-1.857770926734174;2024-05-06 20:27:35.900895
7;F01R064905;89.6;2024-05-06 20:27:35.900895
1;MQ-2;9;2024-05-06 20:27:36.001894
2;MQ-7;49970;2024-05-06 20:27:36.002893
3;MQ-135;19635;2024-05-06 20:27:36.002893
4;DHT-11;19.9;2024-05-06 20:27:36.003895
5;MPU-6050;260.2325882744127;2024-05-06 20:27:36.003895
6;VL53L0X;-1.8578571024122306;2024-05-06 20:27:36.004895
7;F01R064905;87.6;2024-05-06 20:27:36.004895
1;MQ-2;12;2024-05-06 20:27:36.106370
2;MQ-7;49978;2024-05-06 20:27:36.107201
3;MQ-135;19641;2024-05-06 20:27:36.107201
4;DHT-11;19.5;2024-05-06 20:27:36.108202
5;MPU-6050;246.52180430947686;2024-05-06 20:27:36.108202
6;VL53L0X;-1.8643179775083354;2024-05-06 20:27:36.108202
7;F01R064905;88.6;2024-05-06 20:27:36.109216
1;MQ-2;11;2024-05-06 20:27:36.210420
2;MQ-7;49975;2024-05-06 20:27:36.211442
3;MQ-135;19636;2024-05-06 20:27:36.211442
4;DHT-11;19.7;2024-05-06 20:27:36.212439
5;MPU-6050;244.40335513245313;2024-05-06 20:27:36.212439
6;VL53L0X;-1.8990931993645324;2024-05-06 20:27:36.213432
7;F01R064905;85.6;2024-05-06 20:27:36.213432
1;MQ-2;9;2024-05-06 20:27:36.315563
2;MQ-7;49974;2024-05-06 20:27:36.316546
3;MQ-135;19632;2024-05-06 20:27:36.317556
4;DHT-11;20.4;2024-05-06 20:27:36.317556
5;MPU-6050;221.96846622887676;2024-05-06 20:27:36.317556
6;VL53L0X;-1.9385251955426506;2024-05-06 20:27:36.318546
7;F01R064905;82.6;2024-05-06 20:27:36.319544
1;MQ-2;6;2024-05-06 20:27:36.420732
2;MQ-7;49970;2024-05-06 20:27:36.421756
3;MQ-135;19628;2024-05-06 20:27:36.422740
4;DHT-11;21.4;2024-05-06 20:27:36.422740
5;MPU-6050;280.52272635207294;2024-05-06 20:27:36.423739
6;VL53L0X;-1.938582685601377;2024-05-06 20:27:36.423739
7;F01R064905;81.6;2024-05-06 20:27:36.423739
1;MQ-2;5;2024-05-06 20:27:36.526351
2;MQ-7;49968;2024-05-06 20:27:36.527331
3;MQ-135;19625;2024-05-06 20:27:36.528330
4;DHT-11;22.2;2024-05-06 20:27:36.528330
5;MPU-6050;178.77639665235452;2024-05-06 20:27:36.529329
6;VL53L0X;-1.9429203259282015;2024-05-06 20:27:36.529329
7;F01R064905;78.6;2024-05-06 20:27:36.529329
1;MQ-2;6;2024-05-06 20:27:36.632396
2;MQ-7;49975;2024-05-06 20:27:36.632396
3;MQ-135;19629;2024-05-06 20:27:36.638395
4;DHT-11;21.5;2024-05-06 20:27:36.642396
5;MPU-6050;211.4000946073582;2024-05-06 20:27:36.645395
6;VL53L0X;-1.942983552779292;2024-05-06 20:27:36.647396
7;F01R064905;80.6;2024-05-06 20:27:36.648396
1;MQ-2;5;2024-05-06 20:27:36.749403
2;MQ-7;49967;2024-05-06 20:27:36.750395
3;MQ-135;19621;2024-05-06 20:27:36.750395
4;DHT-11;21.8;2024-05-06 20:27:36.751395
5;MPU-6050;192.23423212320952;2024-05-06 20:27:36.751395
6;VL53L0X;-1.9720966807394065;2024-05-06 20:27:36.752393
7;F01R064905;78.6;2024-05-06 20:27:36.752393
1;MQ-2;4;2024-05-06 20:27:36.853394
2;MQ-7;49961;2024-05-06 20:27:36.854396
3;MQ-135;19619;2024-05-06 20:27:36.855397
4;DHT-11;22.3;2024-05-06 20:27:36.855397
5;MPU-6050;147.10880327159214;2024-05-06 20:27:36.856395
6;VL53L0X;-2.0114784971954087;2024-05-06 20:27:36.856395
7;F01R064905;76.6;2024-05-06 20:27:36.857395
1;MQ-2;6;2024-05-06 20:27:36.958410
2;MQ-7;49962;2024-05-06 20:27:36.958410
3;MQ-135;19622;2024-05-06 20:27:36.959395
4;DHT-11;21.7;2024-05-06 20:27:36.959395
5;MPU-6050;166.76030702778164;2024-05-06 20:27:36.959395
6;VL53L0X;-2.011564445744684;2024-05-06 20:27:36.960395
7;F01R064905;79.6;2024-05-06 20:27:36.960395
1;MQ-2;3;2024-05-06 20:27:37.061973
2;MQ-7;49958;2024-05-06 20:27:37.062985
3;MQ-135;19614;2024-05-06 20:27:37.062985
4;DHT-11;22.3;2024-05-06 20:27:37.063994
5;MPU-6050;267.39670902986074;2024-05-06 20:27:37.063994
6;VL53L0X;-2.0116247383442603;2024-05-06 20:27:37.064984
7;F01R064905;78.6;2024-05-06 20:27:37.064984
1;MQ-2;5;2024-05-06 20:27:37.165986
2;MQ-7;49963;2024-05-06 20:27:37.167985
3;MQ-135;19616;2024-05-06 20:27:37.169985
4;DHT-11;21.3;2024-05-06 20:27:37.170985
5;MPU-6050;233.73703172582645;2024-05-06 20:27:37.171985
6;VL53L0X;-2.0404749675173184;2024-05-06 20:27:37.172986
7;F01R064905;79.6;2024-05-06 20:27:37.173985
1;MQ-2;7;2024-05-06 20:27:37.274983
2;MQ-7;49967;2024-05-06 20:27:37.275986
3;MQ-135;19622;2024-05-06 20:27:37.275986
4;DHT-11;20.7;2024-05-06 20:27:37.276986
5;MPU-6050;170.92103439892938;2024-05-06 20:27:37.277985
6;VL53L0X;-2.0613510953633196;2024-05-06 20:27:37.278985
7;F01R064905;80.6;2024-05-06 20:27:37.278985
1;MQ-2;4;2024-05-06 20:27:37.380982
2;MQ-7;49965;2024-05-06 20:27:37.383985
3;MQ-135;19620;2024-05-06 20:27:37.384986
4;DHT-11;21.3;2024-05-06 20:27:37.384986
5;MPU-6050;134.63283403390125;2024-05-06 20:27:37.385986
6;VL53L0X;-2.078137306400636;2024-05-06 20:27:37.385986
7;F01R064905;77.6;2024-05-06 20:27:37.386985
1;MQ-2;7;2024-05-06 20:27:37.487502
2;MQ-7;49969;2024-05-06 20:27:37.487502
3;MQ-135;19627;2024-05-06 20:27:37.488498
4;DHT-11;21.3;2024-05-06 20:27:37.488498
5;MPU-6050;157.4547554061166;2024-05-06 20:27:37.488498
6;VL53L0X;-2.0781633660037255;2024-05-06 20:27:37.489498
7;F01R064905;79.6;2024-05-06 20:27:37.489498
1;MQ-2;9;2024-05-06 20:27:37.590418
2;MQ-7;49970;2024-05-06 20:27:37.590418
3;MQ-135;19629;2024-05-06 20:27:37.591372
4;DHT-11;21.3;2024-05-06 20:27:37.591372
5;MPU-6050;185.1404871982355;2024-05-06 20:27:37.592371
6;VL53L0X;-2.0782230828376083;2024-05-06 20:27:37.592371
7;F01R064905;80.6;2024-05-06 20:27:37.593370
1;MQ-2;10;2024-05-06 20:27:37.694416
2;MQ-7;49975;2024-05-06 20:27:37.695417
3;MQ-135;19637;2024-05-06 20:27:37.695951
4;DHT-11;20.4;2024-05-06 20:27:37.695951
5;MPU-6050;219.65427380317462;2024-05-06 20:27:37.696937
6;VL53L0X;-2.0782602522613534;2024-05-06 20:27:37.696937
7;F01R064905;83.6;2024-05-06 20:27:37.697938
1;MQ-2;7;2024-05-06 20:27:37.799389
2;MQ-7;49972;2024-05-06 20:27:37.800400
3;MQ-135;19629;2024-05-06 20:27:37.800400
4;DHT-11;21.2;2024-05-06 20:27:37.801402
5;MPU-6050;227.56317804073663;2024-05-06 20:27:37.801402
6;VL53L0X;-2.078321046563924;2024-05-06 20:27:37.802401
7;F01R064905;82.6;2024-05-06 20:27:37.802401
1;MQ-2;10;2024-05-06 20:27:38.121920
2;MQ-7;49979;2024-05-06 20:27:38.126920
3;MQ-135;19636;2024-05-06 20:27:38.132922
4;DHT-11;21.0;2024-05-06 20:27:38.132922
5;MPU-6050;228.53883696212336;2024-05-06 20:27:38.133920
6;VL53L0X;-2.078341370389386;2024-05-06 20:27:38.133920
7;F01R064905;83.6;2024-05-06 20:27:38.134922
1;MQ-2;11;2024-05-06 20:27:38.235924
2;MQ-7;49985;2024-05-06 20:27:38.236920
3;MQ-135;19644;2024-05-06 20:27:38.237921
4;DHT-11;20.3;2024-05-06 20:27:38.239920
5;MPU-6050;136.2240801033356;2024-05-06 20:27:38.240922
6;VL53L0X;-2.0937685360012774;2024-05-06 20:27:38.241924
7;F01R064905;84.6;2024-05-06 20:27:38.241924
1;MQ-2;8;2024-05-06 20:27:38.344921
2;MQ-7;49978;2024-05-06 20:27:38.345925
3;MQ-135;19641;2024-05-06 20:27:38.346921
4;DHT-11;20.5;2024-05-06 20:27:38.346921
5;MPU-6050;224.48830704515547;2024-05-06 20:27:38.348921
6;VL53L0X;-2.09384352395586;2024-05-06 20:27:38.350921
7;F01R064905;82.6;2024-05-06 20:27:38.352920
1;MQ-2;7;2024-05-06 20:27:38.454922
2;MQ-7;49975;2024-05-06 20:27:38.456443
3;MQ-135;19634;2024-05-06 20:27:38.457444
4;DHT-11;21.2;2024-05-06 20:27:38.458454
5;MPU-6050;209.124364912365;2024-05-06 20:27:38.459442
6;VL53L0X;-2.1405029702022333;2024-05-06 20:27:38.459442
7;F01R064905;79.6;2024-05-06 20:27:38.460444
1;MQ-2;6;2024-05-06 20:27:38.561440
2;MQ-7;49973;2024-05-06 20:27:38.562440
3;MQ-135;19628;2024-05-06 20:27:38.563443
4;DHT-11;22.0;2024-05-06 20:27:38.565443
5;MPU-6050;203.38633189081315;2024-05-06 20:27:38.567443
6;VL53L0X;-2.147928267055589;2024-05-06 20:27:38.567443
7;F01R064905;78.6;2024-05-06 20:27:38.568441
1;MQ-2;4;2024-05-06 20:27:38.671444
2;MQ-7;49965;2024-05-06 20:27:38.704442
3;MQ-135;19626;2024-05-06 20:27:38.721442
4;DHT-11;23.0;2024-05-06 20:27:38.733442
5;MPU-6050;174.95427974188;2024-05-06 20:27:38.740445
6;VL53L0X;-2.190194411119275;2024-05-06 20:27:38.741444
7;F01R064905;75.6;2024-05-06 20:27:38.742443
1;MQ-2;1;2024-05-06 20:27:38.844443
2;MQ-7;49960;2024-05-06 20:27:38.845441
3;MQ-135;19619;2024-05-06 20:27:38.848443
4;DHT-11;23.2;2024-05-06 20:27:38.849443
5;MPU-6050;176.8700087634984;2024-05-06 20:27:38.850442
6;VL53L0X;-2.190253443374488;2024-05-06 20:27:38.850442
7;F01R064905;73.6;2024-05-06 20:27:38.850442
1;MQ-2;3;2024-05-06 20:27:38.952440
2;MQ-7;49966;2024-05-06 20:27:38.952440
3;MQ-135;19620;2024-05-06 20:27:38.958442
4;DHT-11;22.7;2024-05-06 20:27:38.958442
5;MPU-6050;205.1828452868319;2024-05-06 20:27:38.959441
6;VL53L0X;-2.1903237404345095;2024-05-06 20:27:38.960442
7;F01R064905;76.6;2024-05-06 20:27:38.960442
1;MQ-2;5;2024-05-06 20:27:39.061398
2;MQ-7;49971;2024-05-06 20:27:39.062277
3;MQ-135;19626;2024-05-06 20:27:39.062277
4;DHT-11;22.0;2024-05-06 20:27:39.063265
5;MPU-6050;235.74138372377473;2024-05-06 20:27:39.063265
6;VL53L0X;-2.1903617241166446;2024-05-06 20:27:39.065267
7;F01R064905;77.6;2024-05-06 20:27:39.065267
1;MQ-2;6;2024-05-06 20:27:39.166983
2;MQ-7;49977;2024-05-06 20:27:39.167982
3;MQ-135;19634;2024-05-06 20:27:39.167982
4;DHT-11;21.8;2024-05-06 20:27:39.168867
5;MPU-6050;240.65119987234635;2024-05-06 20:27:39.168867
6;VL53L0X;-2.190427881727142;2024-05-06 20:27:39.168867
7;F01R064905;79.6;2024-05-06 20:27:39.169879
1;MQ-2;8;2024-05-06 20:27:39.287346
2;MQ-7;49980;2024-05-06 20:27:39.295351
3;MQ-135;19637;2024-05-06 20:27:39.296346
4;DHT-11;21.1;2024-05-06 20:27:39.301349
5;MPU-6050;188.68227261722285;2024-05-06 20:27:39.302347
6;VL53L0X;-2.215180006580559;2024-05-06 20:27:39.302347
7;F01R064905;80.6;2024-05-06 20:27:39.302347
1;MQ-2;9;2024-05-06 20:27:39.404346
2;MQ-7;49983;2024-05-06 20:27:39.404346
3;MQ-135;19644;2024-05-06 20:27:39.405346
4;DHT-11;20.7;2024-05-06 20:27:39.405874
5;MPU-6050;103.25211862233142;2024-05-06 20:27:39.407868
6;VL53L0X;-2.2620703896883656;2024-05-06 20:27:39.408867
7;F01R064905;81.6;2024-05-06 20:27:39.408867
1;MQ-2;10;2024-05-06 20:27:39.525868
2;MQ-7;49991;2024-05-06 20:27:39.527867
3;MQ-135;19652;2024-05-06 20:27:39.527867
4;DHT-11;20.3;2024-05-06 20:27:39.528866
5;MPU-6050;211.06870919205434;2024-05-06 20:27:39.528866
6;VL53L0X;-2.2621269947127365;2024-05-06 20:27:39.529865
7;F01R064905;83.6;2024-05-06 20:27:39.529865
1;MQ-2;11;2024-05-06 20:27:39.632864
2;MQ-7;49999;2024-05-06 20:27:39.632864
3;MQ-135;19656;2024-05-06 20:27:39.633867
4;DHT-11;20.1;2024-05-06 20:27:39.633867
5;MPU-6050;227.2201575564985;2024-05-06 20:27:39.634864
6;VL53L0X;-2.2621401265040006;2024-05-06 20:27:39.634864
7;F01R064905;86.6;2024-05-06 20:27:39.634864
1;MQ-2;13;2024-05-06 20:27:39.744865
2;MQ-7;50000;2024-05-06 20:27:39.750865
3;MQ-135;19660;2024-05-06 20:27:39.842869
4;DHT-11;19.1;2024-05-06 20:27:39.845866
5;MPU-6050;158.61273593252213;2024-05-06 20:27:39.852867
6;VL53L0X;-2.3029890576101955;2024-05-06 20:27:39.852867
7;F01R064905;89.6;2024-05-06 20:27:39.853867
1;MQ-2;14;2024-05-06 20:27:39.954868
2;MQ-7;50000;2024-05-06 20:27:39.954868
3;MQ-135;19666;2024-05-06 20:27:39.956866
4;DHT-11;18.4;2024-05-06 20:27:39.957866
5;MPU-6050;286.27958362412085;2024-05-06 20:27:39.958867
6;VL53L0X;-2.302993500791216;2024-05-06 20:27:39.958867
7;F01R064905;90.6;2024-05-06 20:27:39.959867
1;MQ-2;12;2024-05-06 20:27:40.064865
2;MQ-7;49997;2024-05-06 20:27:40.065867
3;MQ-135;19658;2024-05-06 20:27:40.066866
4;DHT-11;19.2;2024-05-06 20:27:40.066866
5;MPU-6050;218.99086738948728;2024-05-06 20:27:40.066866
6;VL53L0X;-2.329162320281691;2024-05-06 20:27:40.067867
7;F01R064905;89.6;2024-05-06 20:27:40.067867
1;MQ-2;15;2024-05-06 20:27:40.169865
2;MQ-7;50000;2024-05-06 20:27:40.169865
3;MQ-135;19661;2024-05-06 20:27:40.170867
4;DHT-11;19.0;2024-05-06 20:27:40.170867
5;MPU-6050;285.11576596182823;2024-05-06 20:27:40.171866
6;VL53L0X;-2.3291633070655444;2024-05-06 20:27:40.172865
7;F01R064905;92.6;2024-05-06 20:27:40.172865
1;MQ-2;17;2024-05-06 20:27:40.350864
2;MQ-7;50000;2024-05-06 20:27:40.381866
3;MQ-135;19668;2024-05-06 20:27:40.381866
4;DHT-11;18.5;2024-05-06 20:27:40.382867
5;MPU-6050;231.44113722499722;2024-05-06 20:27:40.383867
6;VL53L0X;-2.359890056792378;2024-05-06 20:27:40.383867
7;F01R064905;95.6;2024-05-06 20:27:40.384866
1;MQ-2;14;2024-05-06 20:27:40.486865
2;MQ-7;49994;2024-05-06 20:27:40.487867
3;MQ-135;19663;2024-05-06 20:27:40.491867
4;DHT-11;19.1;2024-05-06 20:27:40.492866
5;MPU-6050;180.4494389018708;2024-05-06 20:27:40.493867
6;VL53L0X;-2.3991992615933406;2024-05-06 20:27:40.499869
7;F01R064905;94.6;2024-05-06 20:27:40.500868
1;MQ-2;13;2024-05-06 20:27:40.820918
2;MQ-7;49989;2024-05-06 20:27:40.907916
3;MQ-135;19656;2024-05-06 20:27:40.911918
4;DHT-11;19.8;2024-05-06 20:27:40.912917
5;MPU-6050;72.67048919609665;2024-05-06 20:27:40.912917
6;VL53L0X;-2.413920909963853;2024-05-06 20:27:40.912917
7;F01R064905;92.6;2024-05-06 20:27:40.915916
1;MQ-2;11;2024-05-06 20:27:41.095443
2;MQ-7;49983;2024-05-06 20:27:41.096443
3;MQ-135;19655;2024-05-06 20:27:41.104444
4;DHT-11;19.8;2024-05-06 20:27:41.106442
5;MPU-6050;139.9928569606321;2024-05-06 20:27:41.161443
6;VL53L0X;-2.4139606329772016;2024-05-06 20:27:41.162441
7;F01R064905;91.6;2024-05-06 20:27:41.166442
1;MQ-2;9;2024-05-06 20:27:41.329442
2;MQ-7;49979;2024-05-06 20:27:41.332443
3;MQ-135;19651;2024-05-06 20:27:41.335444
4;DHT-11;19.8;2024-05-06 20:27:41.336444
5;MPU-6050;180.15548839821673;2024-05-06 20:27:41.336444
6;VL53L0X;-2.414044736124916;2024-05-06 20:27:41.337442
7;F01R064905;89.6;2024-05-06 20:27:41.337442
1;MQ-2;12;2024-05-06 20:27:41.438442
2;MQ-7;49982;2024-05-06 20:27:41.442443
3;MQ-135;19653;2024-05-06 20:27:41.442443
4;DHT-11;19.7;2024-05-06 20:27:41.444444
5;MPU-6050;180.34688796871433;2024-05-06 20:27:41.445442
6;VL53L0X;-2.414071495918654;2024-05-06 20:27:41.446443
7;F01R064905;91.6;2024-05-06 20:27:41.448442
1;MQ-2;10;2024-05-06 20:27:41.584440
2;MQ-7;49979;2024-05-06 20:27:41.586443
3;MQ-135;19646;2024-05-06 20:27:41.587442
4;DHT-11;19.7;2024-05-06 20:27:41.593443
5;MPU-6050;153.0686120666154;2024-05-06 20:27:41.593443
6;VL53L0X;-2.4172385786143096;2024-05-06 20:27:41.594440
7;F01R064905;88.6;2024-05-06 20:27:41.595442
1;MQ-2;11;2024-05-06 20:27:41.698443
2;MQ-7;49982;2024-05-06 20:27:41.699442
3;MQ-135;19649;2024-05-06 20:27:41.700442
4;DHT-11;19.4;2024-05-06 20:27:41.700442
5;MPU-6050;215.39266468475662;2024-05-06 20:27:41.700442
6;VL53L0X;-2.4172613621000814;2024-05-06 20:27:41.701441
7;F01R064905;90.6;2024-05-06 20:27:41.701441
1;MQ-2;12;2024-05-06 20:27:41.812442
2;MQ-7;49986;2024-05-06 20:27:41.813443
3;MQ-135;19657;2024-05-06 20:27:41.813443
4;DHT-11;18.6;2024-05-06 20:27:41.814441
5;MPU-6050;266.48264483827086;2024-05-06 20:27:41.815441
6;VL53L0X;-2.4173417087110645;2024-05-06 20:27:41.815441
7;F01R064905;93.6;2024-05-06 20:27:41.816441
1;MQ-2;10;2024-05-06 20:27:41.919441
2;MQ-7;49983;2024-05-06 20:27:41.921443
3;MQ-135;19654;2024-05-06 20:27:41.925442
4;DHT-11;18.9;2024-05-06 20:27:41.925442
5;MPU-6050;177.42040468897596;2024-05-06 20:27:41.926444
6;VL53L0X;-2.463615187166867;2024-05-06 20:27:41.926444
7;F01R064905;90.6;2024-05-06 20:27:41.926444
1;MQ-2;7;2024-05-06 20:27:42.084445
2;MQ-7;49975;2024-05-06 20:27:42.091441
3;MQ-135;19650;2024-05-06 20:27:42.095442
4;DHT-11;19.7;2024-05-06 20:27:42.095442
5;MPU-6050;75.67033764957046;2024-05-06 20:27:42.096442
6;VL53L0X;-2.5015839580530947;2024-05-06 20:27:42.099445
7;F01R064905;88.6;2024-05-06 20:27:42.100444
1;MQ-2;10;2024-05-06 20:27:42.204441
2;MQ-7;49982;2024-05-06 20:27:42.208444
3;MQ-135;19652;2024-05-06 20:27:42.218445
4;DHT-11;19.7;2024-05-06 20:27:42.218445
5;MPU-6050;179.78876494375282;2024-05-06 20:27:42.219443
6;VL53L0X;-2.5016395570039394;2024-05-06 20:27:42.219443
7;F01R064905;90.6;2024-05-06 20:27:42.220443
1;MQ-2;7;2024-05-06 20:27:42.326443
2;MQ-7;49974;2024-05-06 20:27:42.548445
3;MQ-135;19646;2024-05-06 20:27:42.577443
4;DHT-11;20.6;2024-05-06 20:27:42.604443
5;MPU-6050;240.63457773146402;2024-05-06 20:27:42.607443
6;VL53L0X;-2.501690338091886;2024-05-06 20:27:42.609443
7;F01R064905;89.6;2024-05-06 20:27:42.609443
1;MQ-2;10;2024-05-06 20:27:42.712445
2;MQ-7;49980;2024-05-06 20:27:42.715442
3;MQ-135;19650;2024-05-06 20:27:42.716443
4;DHT-11;20.0;2024-05-06 20:27:42.717442
5;MPU-6050;223.47259339793771;2024-05-06 20:27:42.718443
6;VL53L0X;-2.5389564913989107;2024-05-06 20:27:42.718443
7;F01R064905;90.6;2024-05-06 20:27:42.719442
1;MQ-2;7;2024-05-06 20:27:42.910442
2;MQ-7;49979;2024-05-06 20:27:42.957442
3;MQ-135;19643;2024-05-06 20:27:42.967442
4;DHT-11;20.8;2024-05-06 20:27:42.968444
5;MPU-6050;169.08281994336386;2024-05-06 20:27:42.969443
6;VL53L0X;-2.575567640005579;2024-05-06 20:27:42.969443
7;F01R064905;88.6;2024-05-06 20:27:42.970443
1;MQ-2;9;2024-05-06 20:27:43.071441
2;MQ-7;49985;2024-05-06 20:27:43.072443
3;MQ-135;19647;2024-05-06 20:27:43.073444
4;DHT-11;20.6;2024-05-06 20:27:43.073444
5;MPU-6050;216.23598220462753;2024-05-06 20:27:43.074442
6;VL53L0X;-2.575628858927637;2024-05-06 20:27:43.074442
7;F01R064905;91.6;2024-05-06 20:27:43.075444
1;MQ-2;10;2024-05-06 20:27:43.179442
2;MQ-7;49991;2024-05-06 20:27:43.180442
3;MQ-135;19651;2024-05-06 20:27:43.188443
4;DHT-11;20.4;2024-05-06 20:27:43.190443
5;MPU-6050;183.44208895452536;2024-05-06 20:27:43.191443
6;VL53L0X;-2.5965731931184135;2024-05-06 20:27:43.191443
7;F01R064905;94.6;2024-05-06 20:27:43.192444
