idSensor;valor;dtColeta
3203;1;2024-05-01 15:34:03.117635
3204;507;2024-05-01 15:34:03.118636
3205;10007;2024-05-01 15:34:03.118636
3206;40.3;2024-05-01 15:34:03.119636
3207;89.42594701763018;2024-05-01 15:34:03.119636
3208;0.45628460009869476;2024-05-01 15:34:03.120635
3209;70;2024-05-01 15:34:03.120635
3203;3;2024-05-01 15:34:03.222634
3204;508;2024-05-01 15:34:03.223634
3205;10009;2024-05-01 15:34:03.223634
3206;40.9;2024-05-01 15:34:03.223634
3207;177.0706073858674;2024-05-01 15:34:03.225635
3208;0.45625497861063824;2024-05-01 15:34:03.225635
3209;71;2024-05-01 15:34:03.227635
3203;4;2024-05-01 15:34:03.329636
3204;509;2024-05-01 15:34:03.329636
3205;10012;2024-05-01 15:34:03.330636
3206;41.4;2024-05-01 15:34:03.330636
3207;180.40509970618902;2024-05-01 15:34:03.331635
3208;0.45616848570046875;2024-05-01 15:34:03.331635
3209;73;2024-05-01 15:34:03.331635
3203;2;2024-05-01 15:34:03.432838
3204;501;2024-05-01 15:34:03.433847
3205;10006;2024-05-01 15:34:03.433847
3206;41.3;2024-05-01 15:34:03.433847
3207;188.51525137240222;2024-05-01 15:34:03.434845
3208;0.4561080590098611;2024-05-01 15:34:03.435847
3209;72;2024-05-01 15:34:03.435847
3203;4;2024-05-01 15:34:03.537308
3204;506;2024-05-01 15:34:03.538308
3205;10010;2024-05-01 15:34:03.538308
3206;42.2;2024-05-01 15:34:03.538308
3207;143.2550173641398;2024-05-01 15:34:03.539307
3208;0.4131150434631507;2024-05-01 15:34:03.539307
3209;73;2024-05-01 15:34:03.539307
3203;5;2024-05-01 15:34:03.641305
3204;510;2024-05-01 15:34:03.641305
3205;10017;2024-05-01 15:34:03.642308
3206;42.4;2024-05-01 15:34:03.642308
3207;165.89755875238188;2024-05-01 15:34:03.643309
3208;0.4130254349123213;2024-05-01 15:34:03.645307
3209;74;2024-05-01 15:34:03.645307
3203;6;2024-05-01 15:34:03.747307
3204;517;2024-05-01 15:34:03.748310
3205;10019;2024-05-01 15:34:03.748310
3206;43.0;2024-05-01 15:34:03.749308
3207;188.18076416042103;2024-05-01 15:34:03.750310
3208;0.4129721036322946;2024-05-01 15:34:03.751310
3209;76;2024-05-01 15:34:03.752310
3203;5;2024-05-01 15:34:03.856307
3204;511;2024-05-01 15:34:03.857308
3205;10014;2024-05-01 15:34:03.858310
3206;42.8;2024-05-01 15:34:03.858310
3207;259.83456275099354;2024-05-01 15:34:03.859309
3208;0.4129269065695104;2024-05-01 15:34:03.859309
3209;74;2024-05-01 15:34:03.860310
3203;4;2024-05-01 15:34:03.961308
3204;507;2024-05-01 15:34:03.962308
3205;10009;2024-05-01 15:34:03.963309
3206;42.1;2024-05-01 15:34:03.964308
3207;172.97687706742772;2024-05-01 15:34:03.965309
3208;0.37048072945260835;2024-05-01 15:34:03.965309
3209;72;2024-05-01 15:34:03.967308
3203;1;2024-05-01 15:34:04.069308
3204;500;2024-05-01 15:34:04.069308
3205;10008;2024-05-01 15:34:04.070310
3206;41.6;2024-05-01 15:34:04.070310
3207;235.91100016743601;2024-05-01 15:34:04.071310
3208;0.37038268702162774;2024-05-01 15:34:04.072308
3209;70;2024-05-01 15:34:04.072308
3203;3;2024-05-01 15:34:04.173316
3204;505;2024-05-01 15:34:04.174308
3205;10014;2024-05-01 15:34:04.174308
3206;41.9;2024-05-01 15:34:04.175309
3207;101.06433594498111;2024-05-01 15:34:04.175309
3208;0.3292849162969528;2024-05-01 15:34:04.175309
3209;72;2024-05-01 15:34:04.177308
3203;0;2024-05-01 15:34:04.278308
3204;500;2024-05-01 15:34:04.279312
3205;10006;2024-05-01 15:34:04.280309
3206;41.6;2024-05-01 15:34:04.280309
3207;183.50204358535083;2024-05-01 15:34:04.281309
3208;0.3292769051596072;2024-05-01 15:34:04.283311
3209;70;2024-05-01 15:34:04.284310
3203;0;2024-05-01 15:34:04.389437
3204;493;2024-05-01 15:34:04.390307
3205;10003;2024-05-01 15:34:04.390307
3206;41.4;2024-05-01 15:34:04.390307
3207;204.66069480972646;2024-05-01 15:34:04.391307
3208;0.32922989216183646;2024-05-01 15:34:04.391307
3209;70;2024-05-01 15:34:04.392309
3203;0;2024-05-01 15:34:04.493428
3204;492;2024-05-01 15:34:04.494367
3205;10000;2024-05-01 15:34:04.494367
3206;40.5;2024-05-01 15:34:04.495363
3207;179.3488221316215;2024-05-01 15:34:04.495363
3208;0.3271502496554169;2024-05-01 15:34:04.496400
3209;70;2024-05-01 15:34:04.496400
3203;2;2024-05-01 15:34:04.597766
3204;493;2024-05-01 15:34:04.598762
3205;10008;2024-05-01 15:34:04.599766
3206;41.0;2024-05-01 15:34:04.599766
3207;119.15116449284078;2024-05-01 15:34:04.600761
3208;0.30162923809267156;2024-05-01 15:34:04.601762
3209;71;2024-05-01 15:34:04.602762
3203;1;2024-05-01 15:34:04.704705
3204;491;2024-05-01 15:34:04.705697
3205;10007;2024-05-01 15:34:04.706233
3206;40.2;2024-05-01 15:34:04.706233
3207;149.49916387726054;2024-05-01 15:34:04.707218
3208;0.301545222279068;2024-05-01 15:34:04.708219
3209;70;2024-05-01 15:34:04.708219
3203;4;2024-05-01 15:34:04.809219
3204;496;2024-05-01 15:34:04.810218
3205;10015;2024-05-01 15:34:04.811219
3206;40.5;2024-05-01 15:34:04.811219
3207;84.66994744299774;2024-05-01 15:34:04.811219
3208;0.26289995516376363;2024-05-01 15:34:04.812219
3209;73;2024-05-01 15:34:04.812219
3203;5;2024-05-01 15:34:04.914040
3204;502;2024-05-01 15:34:04.914040
3205;10022;2024-05-01 15:34:04.915026
3206;40.9;2024-05-01 15:34:04.915026
3207;127.95702403541588;2024-05-01 15:34:04.915026
3208;0.26283113442152795;2024-05-01 15:34:04.916025
3209;75;2024-05-01 15:34:04.916025
3203;6;2024-05-01 15:34:05.018038
3204;509;2024-05-01 15:34:05.019028
3205;10030;2024-05-01 15:34:05.020027
3206;41.5;2024-05-01 15:34:05.020027
3207;231.87496630727517;2024-05-01 15:34:05.020027
3208;0.2628179879438338;2024-05-01 15:34:05.021025
3209;77;2024-05-01 15:34:05.021025
3203;3;2024-05-01 15:34:05.122374
3204;502;2024-05-01 15:34:05.123191
3205;10027;2024-05-01 15:34:05.123191
3206;40.9;2024-05-01 15:34:05.124186
3207;151.42324788486079;2024-05-01 15:34:05.124186
3208;0.23812631822563038;2024-05-01 15:34:05.124186
3209;74;2024-05-01 15:34:05.125177
3203;5;2024-05-01 15:34:05.227176
3204;508;2024-05-01 15:34:05.227176
3205;10034;2024-05-01 15:34:05.228175
3206;41.2;2024-05-01 15:34:05.228175
3207;81.36952746575342;2024-05-01 15:34:05.228175
3208;0.19490433603273943;2024-05-01 15:34:05.229175
3209;76;2024-05-01 15:34:05.229175
3203;2;2024-05-01 15:34:05.330260
3204;501;2024-05-01 15:34:05.331176
3205;10026;2024-05-01 15:34:05.331176
3206;40.3;2024-05-01 15:34:05.332177
3207;244.5669642449691;2024-05-01 15:34:05.332177
3208;0.19489918625216435;2024-05-01 15:34:05.332177
3209;73;2024-05-01 15:34:05.333176
3203;3;2024-05-01 15:34:05.434318
3204;504;2024-05-01 15:34:05.435320
3205;10031;2024-05-01 15:34:05.435320
3206;40.7;2024-05-01 15:34:05.436317
3207;154.74172029546526;2024-05-01 15:34:05.436317
3208;0.18852059311519206;2024-05-01 15:34:05.437317
3209;75;2024-05-01 15:34:05.437317
3203;0;2024-05-01 15:34:05.539193
3204;503;2024-05-01 15:34:05.539193
3205;10030;2024-05-01 15:34:05.540094
3206;40.0;2024-05-01 15:34:05.540094
3207;271.3779652071995;2024-05-01 15:34:05.540094
3208;0.18844654899289212;2024-05-01 15:34:05.541093
3209;72;2024-05-01 15:34:05.541093
3203;0;2024-05-01 15:34:05.642306
3204;498;2024-05-01 15:34:05.644268
3205;10027;2024-05-01 15:34:05.645269
3206;39.1;2024-05-01 15:34:05.646270
3207;261.41729093539317;2024-05-01 15:34:05.646270
3208;0.15532176194108407;2024-05-01 15:34:05.646270
3209;71;2024-05-01 15:34:05.647268
3203;0;2024-05-01 15:34:05.748266
3204;490;2024-05-01 15:34:05.749268
3205;10023;2024-05-01 15:34:05.750270
3206;38.3;2024-05-01 15:34:05.750270
3207;249.0180716333656;2024-05-01 15:34:05.752268
3208;0.1547825057916941;2024-05-01 15:34:05.752268
3209;70;2024-05-01 15:34:05.753267
3203;2;2024-05-01 15:34:05.855268
3204;491;2024-05-01 15:34:05.855268
3205;10026;2024-05-01 15:34:05.856272
3206;38.3;2024-05-01 15:34:05.856272
3207;226.50386310171402;2024-05-01 15:34:05.860270
3208;0.13187391563058892;2024-05-01 15:34:05.864270
3209;72;2024-05-01 15:34:05.865274
3203;0;2024-05-01 15:34:05.966267
3204;487;2024-05-01 15:34:05.967267
3205;10021;2024-05-01 15:34:05.970268
3206;38.1;2024-05-01 15:34:05.971268
3207;255.7381473304286;2024-05-01 15:34:05.972268
3208;0.13179654313451852;2024-05-01 15:34:05.972268
3209;71;2024-05-01 15:34:05.973269
3203;1;2024-05-01 15:34:06.074275
3204;494;2024-05-01 15:34:06.074275
3205;10024;2024-05-01 15:34:06.075268
3206;38.7;2024-05-01 15:34:06.076269
3207;289.71365173218885;2024-05-01 15:34:06.077270
3208;0.13178793978692183;2024-05-01 15:34:06.078269
3209;74;2024-05-01 15:34:06.078269
3203;0;2024-05-01 15:34:06.179268
3204;487;2024-05-01 15:34:06.180267
3205;10019;2024-05-01 15:34:06.180267
3206;38.7;2024-05-01 15:34:06.181269
3207;216.21517060557986;2024-05-01 15:34:06.181269
3208;0.12480699971079481;2024-05-01 15:34:06.182268
3209;72;2024-05-01 15:34:06.183270
3203;1;2024-05-01 15:34:06.284270
3204;493;2024-05-01 15:34:06.285270
3205;10020;2024-05-01 15:34:06.285270
3206;38.7;2024-05-01 15:34:06.286269
3207;227.778401083158;2024-05-01 15:34:06.287289
3208;0.12476947987271737;2024-05-01 15:34:06.287289
3209;75;2024-05-01 15:34:06.287289
3203;4;2024-05-01 15:34:06.388409
3204;494;2024-05-01 15:34:06.388409
3205;10021;2024-05-01 15:34:06.389399
3206;39.6;2024-05-01 15:34:06.389399
3207;144.25324953012324;2024-05-01 15:34:06.389399
3208;0.10250966416017017;2024-05-01 15:34:06.390399
3209;77;2024-05-01 15:34:06.390399
3203;1;2024-05-01 15:34:06.492031
3204;493;2024-05-01 15:34:06.492913
3205;10017;2024-05-01 15:34:06.492913
3206;39.4;2024-05-01 15:34:06.493906
3207;174.3158053648607;2024-05-01 15:34:06.494901
3208;0.10245189281974859;2024-05-01 15:34:06.494901
3209;74;2024-05-01 15:34:06.494901
3203;3;2024-05-01 15:34:06.596418
3204;494;2024-05-01 15:34:06.596418
3205;10024;2024-05-01 15:34:06.597413
3206;40.3;2024-05-01 15:34:06.597413
3207;141.12051587207299;2024-05-01 15:34:06.598411
3208;0.08290315864006374;2024-05-01 15:34:06.598411
3209;76;2024-05-01 15:34:06.598411
3203;0;2024-05-01 15:34:06.700123
3204;492;2024-05-01 15:34:06.700123
3205;10018;2024-05-01 15:34:06.701113
3206;39.8;2024-05-01 15:34:06.701113
3207;164.39890510584308;2024-05-01 15:34:06.702113
3208;0.08282039795051924;2024-05-01 15:34:06.702113
3209;74;2024-05-01 15:34:06.703112
3203;0;2024-05-01 15:34:06.804218
3204;484;2024-05-01 15:34:06.804218
3205;10017;2024-05-01 15:34:06.805205
3206;39.0;2024-05-01 15:34:06.806204
3207;281.18677067031444;2024-05-01 15:34:06.806204
3208;0.08278958520634375;2024-05-01 15:34:06.807204
3209;72;2024-05-01 15:34:06.807204
3203;2;2024-05-01 15:34:06.912204
3204;490;2024-05-01 15:34:06.913205
3205;10018;2024-05-01 15:34:06.913205
3206;39.5;2024-05-01 15:34:06.914204
3207;106.10843510296436;2024-05-01 15:34:06.914204
3208;0.0721304906241513;2024-05-01 15:34:06.915206
3209;73;2024-05-01 15:34:06.915206
3203;3;2024-05-01 15:34:07.016162
3204;498;2024-05-01 15:34:07.017183
3205;10021;2024-05-01 15:34:07.017183
3206;40.2;2024-05-01 15:34:07.018174
3207;169.01479225203929;2024-05-01 15:34:07.019174
3208;0.07208990792739607;2024-05-01 15:34:07.019174
3209;76;2024-05-01 15:34:07.019174
3203;2;2024-05-01 15:34:07.121105
3204;496;2024-05-01 15:34:07.121105
3205;10019;2024-05-01 15:34:07.122099
3206;40.1;2024-05-01 15:34:07.122099
3207;218.1398633904404;2024-05-01 15:34:07.122099
3208;0.07199852899894509;2024-05-01 15:34:07.122099
3209;75;2024-05-01 15:34:07.123099
3203;0;2024-05-01 15:34:07.224766
3204;494;2024-05-01 15:34:07.225569
3205;10012;2024-05-01 15:34:07.225569
3206;39.7;2024-05-01 15:34:07.225569
3207;151.12246689357607;2024-05-01 15:34:07.226567
3208;0.0718733296495142;2024-05-01 15:34:07.227569
3209;73;2024-05-01 15:34:07.227569
3203;1;2024-05-01 15:34:07.328625
3204;495;2024-05-01 15:34:07.328625
3205;10017;2024-05-01 15:34:07.330618
3206;40.0;2024-05-01 15:34:07.330618
3207;205.05121311516302;2024-05-01 15:34:07.331619
3208;0.07181377428675277;2024-05-01 15:34:07.331619
3209;74;2024-05-01 15:34:07.331619
3203;4;2024-05-01 15:34:07.433483
3204;502;2024-05-01 15:34:07.433483
3205;10021;2024-05-01 15:34:07.433483
3206;40.4;2024-05-01 15:34:07.434488
3207;210.76052761368766;2024-05-01 15:34:07.435480
3208;0.07180486313764523;2024-05-01 15:34:07.436479
3209;76;2024-05-01 15:34:07.436479
3203;1;2024-05-01 15:34:07.537878
3204;499;2024-05-01 15:34:07.538872
3205;10015;2024-05-01 15:34:07.538872
3206;39.6;2024-05-01 15:34:07.539872
3207;232.18957771614126;2024-05-01 15:34:07.539872
3208;0.07179854031848365;2024-05-01 15:34:07.540871
3209;75;2024-05-01 15:34:07.540871
3203;0;2024-05-01 15:34:07.642787
3204;491;2024-05-01 15:34:07.643685
3205;10013;2024-05-01 15:34:07.644682
3206;39.4;2024-05-01 15:34:07.644682
3207;249.28096598015662;2024-05-01 15:34:07.644682
3208;0.07174506371243132;2024-05-01 15:34:07.645693
3209;73;2024-05-01 15:34:07.645693
3203;1;2024-05-01 15:34:07.747182
3204;499;2024-05-01 15:34:07.747917
3205;10017;2024-05-01 15:34:07.748913
3206;39.5;2024-05-01 15:34:07.748913
3207;114.63856244737195;2024-05-01 15:34:07.748913
3208;0.06724326961521283;2024-05-01 15:34:07.749915
3209;76;2024-05-01 15:34:07.749915
3203;2;2024-05-01 15:34:07.851914
3204;505;2024-05-01 15:34:07.852914
3205;10025;2024-05-01 15:34:07.853916
3206;39.6;2024-05-01 15:34:07.854913
3207;205.22670391545054;2024-05-01 15:34:07.854913
3208;0.06718080583738034;2024-05-01 15:34:07.855916
3209;78;2024-05-01 15:34:07.855916
3203;0;2024-05-01 15:34:07.957914
3204;499;2024-05-01 15:34:07.957914
3205;10020;2024-05-01 15:34:07.958914
3206;39.4;2024-05-01 15:34:07.958914
3207;87.82938005018595;2024-05-01 15:34:07.960914
3208;0.030866456364988408;2024-05-01 15:34:07.960914
3209;76;2024-05-01 15:34:07.961915
3203;0;2024-05-01 15:34:08.062912
3204;491;2024-05-01 15:34:08.063914
3205;10016;2024-05-01 15:34:08.063914
3206;38.7;2024-05-01 15:34:08.064912
3207;220.55838229366844;2024-05-01 15:34:08.064912
3208;0.03085528355370463;2024-05-01 15:34:08.064912
3209;74;2024-05-01 15:34:08.065914
3203;1;2024-05-01 15:34:08.167912
3204;492;2024-05-01 15:34:08.169915
3205;10018;2024-05-01 15:34:08.170915
3206;39.5;2024-05-01 15:34:08.171915
3207;129.71121771072848;2024-05-01 15:34:08.172913
3208;0.02191528762451811;2024-05-01 15:34:08.172913
3209;77;2024-05-01 15:34:08.173914
3203;0;2024-05-01 15:34:08.276442
3204;488;2024-05-01 15:34:08.277433
3205;10014;2024-05-01 15:34:08.277433
3206;39.4;2024-05-01 15:34:08.278432
3207;257.9709285946771;2024-05-01 15:34:08.278432
3208;0.021895664254285376;2024-05-01 15:34:08.279432
3209;75;2024-05-01 15:34:08.279432
3203;3;2024-05-01 15:34:08.380434
3204;489;2024-05-01 15:34:08.381433
3205;10021;2024-05-01 15:34:08.381433
3206;40.1;2024-05-01 15:34:08.382432
3207;97.98469268207153;2024-05-01 15:34:08.382432
3208;-0.022224382982833055;2024-05-01 15:34:08.382432
3209;77;2024-05-01 15:34:08.383432
3203;0;2024-05-01 15:34:08.484438
3204;488;2024-05-01 15:34:08.485974
3205;10014;2024-05-01 15:34:08.485974
3206;39.6;2024-05-01 15:34:08.486960
3207;154.79341071247185;2024-05-01 15:34:08.486960
3208;-0.022225895237372905;2024-05-01 15:34:08.487960
3209;75;2024-05-01 15:34:08.487960
3203;3;2024-05-01 15:34:08.589577
3204;494;2024-05-01 15:34:08.589577
3205;10018;2024-05-01 15:34:08.590581
3206;39.7;2024-05-01 15:34:08.590581
3207;203.66148384021952;2024-05-01 15:34:08.591569
3208;-0.02230949365200952;2024-05-01 15:34:08.591569
3209;77;2024-05-01 15:34:08.591569
3203;1;2024-05-01 15:34:08.693371
3204;491;2024-05-01 15:34:08.694375
3205;10017;2024-05-01 15:34:08.694375
3206;39.5;2024-05-01 15:34:08.694375
3207;194.14942698859556;2024-05-01 15:34:08.695374
3208;-0.04329056652509071;2024-05-01 15:34:08.695374
3209;76;2024-05-01 15:34:08.697373
3203;3;2024-05-01 15:34:08.798381
3204;499;2024-05-01 15:34:08.799381
3205;10020;2024-05-01 15:34:08.799381
3206;39.5;2024-05-01 15:34:08.799381
3207;83.93449827097318;2024-05-01 15:34:08.800383
3208;-0.07471224829084877;2024-05-01 15:34:08.800383
3209;78;2024-05-01 15:34:08.800383
3203;2;2024-05-01 15:34:08.902853
3204;493;2024-05-01 15:34:08.902853
3205;10016;2024-05-01 15:34:08.903816
3206;39.4;2024-05-01 15:34:08.903816
3207;157.4229970493511;2024-05-01 15:34:08.904815
3208;-0.07480029375667183;2024-05-01 15:34:08.904815
3209;75;2024-05-01 15:34:08.905818
3203;3;2024-05-01 15:34:09.006509
3204;497;2024-05-01 15:34:09.007503
3205;10019;2024-05-01 15:34:09.007503
3206;39.4;2024-05-01 15:34:09.008504
3207;217.61893299986562;2024-05-01 15:34:09.008504
3208;-0.07488699212931026;2024-05-01 15:34:09.009504
3209;77;2024-05-01 15:34:09.009504
3203;2;2024-05-01 15:34:09.111064
3204;493;2024-05-01 15:34:09.111064
3205;10015;2024-05-01 15:34:09.112059
3206;38.9;2024-05-01 15:34:09.112059
3207;252.78844910319776;2024-05-01 15:34:09.112059
3208;-0.07491803615098451;2024-05-01 15:34:09.113059
3209;76;2024-05-01 15:34:09.113059
3203;0;2024-05-01 15:34:09.214122
3204;486;2024-05-01 15:34:09.214919
3205;10010;2024-05-01 15:34:09.214919
3206;38.2;2024-05-01 15:34:09.214919
3207;46.2709412050371;2024-05-01 15:34:09.215917
3208;-0.09480302365365181;2024-05-01 15:34:09.215917
3209;74;2024-05-01 15:34:09.216918
3203;2;2024-05-01 15:34:09.317860
3204;489;2024-05-01 15:34:09.319674
3205;10016;2024-05-01 15:34:09.319674
3206;38.8;2024-05-01 15:34:09.319674
3207;148.84219831754703;2024-05-01 15:34:09.320674
3208;-0.0948184262986188;2024-05-01 15:34:09.320674
3209;75;2024-05-01 15:34:09.320674
3203;0;2024-05-01 15:34:09.422324
3204;483;2024-05-01 15:34:09.423314
3205;10012;2024-05-01 15:34:09.423314
3206;38.5;2024-05-01 15:34:09.424315
3207;178.31993719155466;2024-05-01 15:34:09.424315
3208;-0.09488944552782669;2024-05-01 15:34:09.424315
3209;73;2024-05-01 15:34:09.425314
3203;2;2024-05-01 15:34:09.525847
3204;486;2024-05-01 15:34:09.527870
3205;10018;2024-05-01 15:34:09.527870
3206;39.2;2024-05-01 15:34:09.528870
3207;189.5600168811978;2024-05-01 15:34:09.528870
3208;-0.09493481670120721;2024-05-01 15:34:09.529869
3209;74;2024-05-01 15:34:09.529869
3203;0;2024-05-01 15:34:09.631089
3204;478;2024-05-01 15:34:09.631894
3205;10013;2024-05-01 15:34:09.631894
3206;38.6;2024-05-01 15:34:09.631894
3207;179.4825896849051;2024-05-01 15:34:09.632908
3208;-0.10142056385712432;2024-05-01 15:34:09.632908
3209;71;2024-05-01 15:34:09.633906
3203;3;2024-05-01 15:34:09.735105
3204;482;2024-05-01 15:34:09.736107
3205;10021;2024-05-01 15:34:09.736107
3206;39.2;2024-05-01 15:34:09.736107
3207;189.24322973358915;2024-05-01 15:34:09.737105
3208;-0.10142392905100828;2024-05-01 15:34:09.737105
3209;74;2024-05-01 15:34:09.738106
3203;2;2024-05-01 15:34:09.838703
3204;477;2024-05-01 15:34:09.839705
3205;10020;2024-05-01 15:34:09.839705
3206;38.5;2024-05-01 15:34:09.840705
3207;257.6703320136022;2024-05-01 15:34:09.840705
3208;-0.10148095612469402;2024-05-01 15:34:09.840705
3209;72;2024-05-01 15:34:09.841706
3203;1;2024-05-01 15:34:09.954705
3204;476;2024-05-01 15:34:09.957706
3205;10015;2024-05-01 15:34:09.960706
3206;38.0;2024-05-01 15:34:09.960706
3207;199.17329138215294;2024-05-01 15:34:09.961704
3208;-0.13250985535766863;2024-05-01 15:34:09.963705
3209;71;2024-05-01 15:34:09.970705
3203;0;2024-05-01 15:34:10.075706
3204;469;2024-05-01 15:34:10.077706
3205;10008;2024-05-01 15:34:10.079705
3206;37.8;2024-05-01 15:34:10.079705
3207;93.1933474020544;2024-05-01 15:34:10.079705
3208;-0.17084487991045436;2024-05-01 15:34:10.080705
3209;70;2024-05-01 15:34:10.080705
3203;2;2024-05-01 15:34:10.181703
3204;476;2024-05-01 15:34:10.182705
3205;10011;2024-05-01 15:34:10.182705
3206;38.5;2024-05-01 15:34:10.183708
3207;215.05813167606567;2024-05-01 15:34:10.183708
3208;-0.17085809872558622;2024-05-01 15:34:10.184707
3209;72;2024-05-01 15:34:10.185707
3203;4;2024-05-01 15:34:10.286702
3204;484;2024-05-01 15:34:10.287706
3205;10012;2024-05-01 15:34:10.287706
3206;38.9;2024-05-01 15:34:10.287706
3207;97.57561170702442;2024-05-01 15:34:10.288705
3208;-0.19035389189664237;2024-05-01 15:34:10.288705
3209;74;2024-05-01 15:34:10.289704
3203;5;2024-05-01 15:34:10.391705
3204;491;2024-05-01 15:34:10.392704
3205;10015;2024-05-01 15:34:10.394707
3206;39.8;2024-05-01 15:34:10.395705
3207;109.33892262136115;2024-05-01 15:34:10.396706
3208;-0.19045093781976105;2024-05-01 15:34:10.396706
3209;76;2024-05-01 15:34:10.397706
3203;8;2024-05-01 15:34:10.498712
3204;496;2024-05-01 15:34:10.498712
3205;10018;2024-05-01 15:34:10.499706
3206;40.3;2024-05-01 15:34:10.499706
3207;231.45409912118646;2024-05-01 15:34:10.499706
3208;-0.19051627706770494;2024-05-01 15:34:10.500706
3209;77;2024-05-01 15:34:10.500706
3203;7;2024-05-01 15:34:10.603286
3204;495;2024-05-01 15:34:10.604164
3205;10011;2024-05-01 15:34:10.604164
3206;39.8;2024-05-01 15:34:10.605161
3207;178.57491425169437;2024-05-01 15:34:10.605161
3208;-0.20180025512752575;2024-05-01 15:34:10.605161
3209;74;2024-05-01 15:34:10.606160
3203;8;2024-05-01 15:34:10.707452
3204;503;2024-05-01 15:34:10.708447
3205;10014;2024-05-01 15:34:10.708447
3206;39.8;2024-05-01 15:34:10.708447
3207;266.93257575650074;2024-05-01 15:34:10.709447
3208;-0.2018393905758998;2024-05-01 15:34:10.709447
3209;76;2024-05-01 15:34:10.710451
3203;9;2024-05-01 15:34:10.811562
3204;507;2024-05-01 15:34:10.811562
3205;10015;2024-05-01 15:34:10.812565
3206;39.8;2024-05-01 15:34:10.812565
3207;223.20618271006742;2024-05-01 15:34:10.812565
3208;-0.20560541107039962;2024-05-01 15:34:10.813570
3209;79;2024-05-01 15:34:10.813570
3203;7;2024-05-01 15:34:10.915058
3204;500;2024-05-01 15:34:10.915058
3205;10011;2024-05-01 15:34:10.916379
3206;39.7;2024-05-01 15:34:10.916379
3207;49.80963762164909;2024-05-01 15:34:10.916379
3208;-0.2323097911412066;2024-05-01 15:34:10.917372
3209;76;2024-05-01 15:34:10.919377
3203;5;2024-05-01 15:34:11.021105
3204;496;2024-05-01 15:34:11.021907
3205;10009;2024-05-01 15:34:11.021907
3206;39.6;2024-05-01 15:34:11.022917
3207;202.4080037943164;2024-05-01 15:34:11.022917
3208;-0.2323978723314281;2024-05-01 15:34:11.022917
3209;75;2024-05-01 15:34:11.023908
3203;3;2024-05-01 15:34:11.124725
3204;494;2024-05-01 15:34:11.125728
3205;10007;2024-05-01 15:34:11.125728
3206;39.3;2024-05-01 15:34:11.127248
3207;148.1181960462657;2024-05-01 15:34:11.127248
3208;-0.24756907284004445;2024-05-01 15:34:11.128248
3209;72;2024-05-01 15:34:11.128248
3203;0;2024-05-01 15:34:11.229614
3204;489;2024-05-01 15:34:11.230435
3205;10000;2024-05-01 15:34:11.230435
3206;39.3;2024-05-01 15:34:11.231424
3207;244.31127685802798;2024-05-01 15:34:11.231424
3208;-0.24761150778746877;2024-05-01 15:34:11.232424
3209;70;2024-05-01 15:34:11.232424
3203;0;2024-05-01 15:34:11.334221
3204;481;2024-05-01 15:34:11.335026
3205;10000;2024-05-01 15:34:11.336024
3206;38.7;2024-05-01 15:34:11.336024
3207;197.8357904930248;2024-05-01 15:34:11.337025
3208;-0.28069059523600065;2024-05-01 15:34:11.337025
3209;70;2024-05-01 15:34:11.337025
3203;0;2024-05-01 15:34:11.438859
3204;474;2024-05-01 15:34:11.439863
3205;10000;2024-05-01 15:34:11.439863
3206;38.2;2024-05-01 15:34:11.439863
3207;133.81330277666717;2024-05-01 15:34:11.440863
3208;-0.3055722774937436;2024-05-01 15:34:11.440863
3209;70;2024-05-01 15:34:11.440863
3203;0;2024-05-01 15:34:11.542666
3204;472;2024-05-01 15:34:11.543660
3205;10000;2024-05-01 15:34:11.544656
3206;37.4;2024-05-01 15:34:11.544656
3207;155.1934276958918;2024-05-01 15:34:11.544656
3208;-0.3056107597402239;2024-05-01 15:34:11.545665
3209;70;2024-05-01 15:34:11.545665
3203;0;2024-05-01 15:34:11.646961
3204;468;2024-05-01 15:34:11.647957
3205;10000;2024-05-01 15:34:11.647957
3206;37.2;2024-05-01 15:34:11.648955
3207;263.81243336886155;2024-05-01 15:34:11.648955
3208;-0.30566271704462095;2024-05-01 15:34:11.648955
3209;70;2024-05-01 15:34:11.649955
3203;3;2024-05-01 15:34:11.751360
3204;474;2024-05-01 15:34:11.752169
3205;10001;2024-05-01 15:34:11.753162
3206;37.6;2024-05-01 15:34:11.753162
3207;208.92582415776178;2024-05-01 15:34:11.753162
3208;-0.3315986206771643;2024-05-01 15:34:11.754171
3209;73;2024-05-01 15:34:11.754171
3203;6;2024-05-01 15:34:11.856078
3204;480;2024-05-01 15:34:11.856147
3205;10007;2024-05-01 15:34:11.857090
3206;37.7;2024-05-01 15:34:11.858089
3207;254.58004635084816;2024-05-01 15:34:11.859090
3208;-0.33162540070101976;2024-05-01 15:34:11.859090
3209;74;2024-05-01 15:34:11.860092
3203;8;2024-05-01 15:34:11.962090
3204;485;2024-05-01 15:34:11.963090
3205;10010;2024-05-01 15:34:11.965091
3206;38.6;2024-05-01 15:34:11.966092
3207;138.56767299770897;2024-05-01 15:34:11.967090
3208;-0.3386434587259702;2024-05-01 15:34:11.967090
3209;75;2024-05-01 15:34:11.969091
3203;5;2024-05-01 15:34:12.070090
3204;478;2024-05-01 15:34:12.073092
3205;10005;2024-05-01 15:34:12.073092
3206;37.7;2024-05-01 15:34:12.074090
3207;213.90184664934523;2024-05-01 15:34:12.074090
3208;-0.3387195892361394;2024-05-01 15:34:12.075091
3209;74;2024-05-01 15:34:12.075091
3203;6;2024-05-01 15:34:12.178130
3204;482;2024-05-01 15:34:12.178130
3205;10011;2024-05-01 15:34:12.179129
3206;38.3;2024-05-01 15:34:12.179129
3207;182.11260252931427;2024-05-01 15:34:12.179129
3208;-0.36300100633156035;2024-05-01 15:34:12.180131
3209;75;2024-05-01 15:34:12.180131
3203;4;2024-05-01 15:34:12.282135
3204;475;2024-05-01 15:34:12.282135
3205;10005;2024-05-01 15:34:12.283131
3206;37.6;2024-05-01 15:34:12.283131
3207;187.54732736032258;2024-05-01 15:34:12.283131
3208;-0.36301671310212574;2024-05-01 15:34:12.284130
3209;72;2024-05-01 15:34:12.284130
3203;1;2024-05-01 15:34:12.385128
3204;467;2024-05-01 15:34:12.386130
3205;10000;2024-05-01 15:34:12.386130
3206;37.3;2024-05-01 15:34:12.386130
3207;175.6388339747221;2024-05-01 15:34:12.387129
3208;-0.3844960128629187;2024-05-01 15:34:12.387129
3209;70;2024-05-01 15:34:12.388131
3203;0;2024-05-01 15:34:12.489457
3204;465;2024-05-01 15:34:12.490264
3205;10000;2024-05-01 15:34:12.490264
3206;36.4;2024-05-01 15:34:12.491261
3207;182.84966502567076;2024-05-01 15:34:12.491261
3208;-0.38451117253542544;2024-05-01 15:34:12.491261
3209;70;2024-05-01 15:34:12.492261
3203;0;2024-05-01 15:34:12.614553
3204;459;2024-05-01 15:34:12.619556
3205;10000;2024-05-01 15:34:12.622554
3206;36.2;2024-05-01 15:34:12.623554
3207;255.43883808066462;2024-05-01 15:34:12.623554
3208;-0.38457648860750027;2024-05-01 15:34:12.623554
3209;70;2024-05-01 15:34:12.624553
3203;0;2024-05-01 15:34:12.725552
3204;457;2024-05-01 15:34:12.729554
3205;10000;2024-05-01 15:34:12.730565
3206;35.9;2024-05-01 15:34:12.731552
3207;240.89001639752527;2024-05-01 15:34:12.732552
3208;-0.43238192883901927;2024-05-01 15:34:12.733553
3209;70;2024-05-01 15:34:12.733553
3203;0;2024-05-01 15:34:12.834498
3204;449;2024-05-01 15:34:12.835513
3205;10000;2024-05-01 15:34:12.836510
3206;35.9;2024-05-01 15:34:12.836510
3207;206.6228448163465;2024-05-01 15:34:12.836510
3208;-0.444339714876993;2024-05-01 15:34:12.837508
3209;70;2024-05-01 15:34:12.837508
3203;3;2024-05-01 15:34:12.939317
3204;450;2024-05-01 15:34:12.940135
3205;10004;2024-05-01 15:34:12.940135
3206;36.5;2024-05-01 15:34:12.941130
3207;224.17180911078003;2024-05-01 15:34:12.941130
3208;-0.4444124451956324;2024-05-01 15:34:12.942130
3209;71;2024-05-01 15:34:12.942130
3203;5;2024-05-01 15:34:13.043576
3204;458;2024-05-01 15:34:13.044576
3205;10005;2024-05-01 15:34:13.044576
3206;37.1;2024-05-01 15:34:13.045575
3207;131.06486943494812;2024-05-01 15:34:13.045575
3208;-0.46564566832764487;2024-05-01 15:34:13.045575
3209;73;2024-05-01 15:34:13.046584
3203;6;2024-05-01 15:34:13.148321
3204;459;2024-05-01 15:34:13.148321
3205;10013;2024-05-01 15:34:13.149323
3206;37.2;2024-05-01 15:34:13.149323
3207;189.274932307477;2024-05-01 15:34:13.149323
3208;-0.4657284549410671;2024-05-01 15:34:13.150322
3209;74;2024-05-01 15:34:13.150322
3203;4;2024-05-01 15:34:13.251319
3204;455;2024-05-01 15:34:13.253117
3205;10008;2024-05-01 15:34:13.253117
3206;36.7;2024-05-01 15:34:13.254119
3207;270.1943744788185;2024-05-01 15:34:13.254119
3208;-0.4657484675304487;2024-05-01 15:34:13.254119
3209;72;2024-05-01 15:34:13.255119
3203;1;2024-05-01 15:34:13.365841
3204;454;2024-05-01 15:34:13.365841
3205;10005;2024-05-01 15:34:13.368841
3206;36.0;2024-05-01 15:34:13.368841
3207;225.57260471963346;2024-05-01 15:34:13.369841
3208;-0.49874590147126524;2024-05-01 15:34:13.369841
3209;70;2024-05-01 15:34:13.370840
3203;4;2024-05-01 15:34:13.471875
3204;456;2024-05-01 15:34:13.471875
3205;10006;2024-05-01 15:34:13.472841
3206;36.5;2024-05-01 15:34:13.472841
3207;236.71501853494635;2024-05-01 15:34:13.473842
3208;-0.4987823950370052;2024-05-01 15:34:13.473842
3209;72;2024-05-01 15:34:13.473842
3203;7;2024-05-01 15:34:13.575990
3204;463;2024-05-01 15:34:13.577992
3205;10011;2024-05-01 15:34:13.577992
3206;37.4;2024-05-01 15:34:13.578992
3207;212.60761980700502;2024-05-01 15:34:13.578992
3208;-0.5456413582195384;2024-05-01 15:34:13.578992
3209;73;2024-05-01 15:34:13.579991
3203;10;2024-05-01 15:34:13.680957
3204;467;2024-05-01 15:34:13.681956
3205;10015;2024-05-01 15:34:13.681956
3206;37.8;2024-05-01 15:34:13.681956
3207;202.538885155419;2024-05-01 15:34:13.682950
3208;-0.5530258316066408;2024-05-01 15:34:13.682950
3209;75;2024-05-01 15:34:13.683964
3203;9;2024-05-01 15:34:13.784669
3204;465;2024-05-01 15:34:13.785633
3205;10011;2024-05-01 15:34:13.785633
3206;37.5;2024-05-01 15:34:13.786632
3207;165.90358645912391;2024-05-01 15:34:13.786632
3208;-0.5761513770334745;2024-05-01 15:34:13.787634
3209;73;2024-05-01 15:34:13.787634
3203;7;2024-05-01 15:34:13.889542
3204;464;2024-05-01 15:34:13.891544
3205;10009;2024-05-01 15:34:13.894544
3206;37.1;2024-05-01 15:34:13.899545
3207;157.87970103848056;2024-05-01 15:34:13.905543
3208;-0.605329961140547;2024-05-01 15:34:13.905543
3209;72;2024-05-01 15:34:13.906544
3203;4;2024-05-01 15:34:14.008072
3204;461;2024-05-01 15:34:14.008072
3205;10006;2024-05-01 15:34:14.009064
3206;36.3;2024-05-01 15:34:14.009064
3207;161.8672295432278;2024-05-01 15:34:14.009064
3208;-0.6053963171408331;2024-05-01 15:34:14.010062
3209;70;2024-05-01 15:34:14.011066
3203;2;2024-05-01 15:34:14.111584
3204;453;2024-05-01 15:34:14.112585
3205;10000;2024-05-01 15:34:14.112585
3206;35.8;2024-05-01 15:34:14.113586
3207;247.08298201211673;2024-05-01 15:34:14.114585
3208;-0.6054097353522064;2024-05-01 15:34:14.114585
3209;70;2024-05-01 15:34:14.115585
3203;4;2024-05-01 15:34:14.216592
3204;461;2024-05-01 15:34:14.217586
3205;10003;2024-05-01 15:34:14.217586
3206;36.0;2024-05-01 15:34:14.218585
3207;100.1998003990028;2024-05-01 15:34:14.218585
3208;-0.6182153627368909;2024-05-01 15:34:14.219584
3209;71;2024-05-01 15:34:14.219584
3203;6;2024-05-01 15:34:14.321478
3204;465;2024-05-01 15:34:14.321478
3205;10006;2024-05-01 15:34:14.322443
3206;36.8;2024-05-01 15:34:14.322443
3207;162.08948146008734;2024-05-01 15:34:14.322443
3208;-0.6182201070777132;2024-05-01 15:34:14.323442
3209;74;2024-05-01 15:34:14.323442
3203;4;2024-05-01 15:34:14.424672
3204;457;2024-05-01 15:34:14.424672
3205;10003;2024-05-01 15:34:14.425636
3206;36.7;2024-05-01 15:34:14.425636
3207;152.84632805533798;2024-05-01 15:34:14.427635
3208;-0.622501667389991;2024-05-01 15:34:14.427635
3209;73;2024-05-01 15:34:14.428635
3203;6;2024-05-01 15:34:14.529631
3204;464;2024-05-01 15:34:14.531635
3205;10011;2024-05-01 15:34:14.532634
3206;37.0;2024-05-01 15:34:14.532634
3207;180.30252355416437;2024-05-01 15:34:14.533634
3208;-0.622545748487866;2024-05-01 15:34:14.533634
3209;76;2024-05-01 15:34:14.533634
3203;8;2024-05-01 15:34:14.634635
3204;472;2024-05-01 15:34:14.635633
3205;10012;2024-05-01 15:34:14.636165
3206;37.0;2024-05-01 15:34:14.636165
3207;58.56620185738529;2024-05-01 15:34:14.637151
3208;-0.6546632228711574;2024-05-01 15:34:14.637151
3209;78;2024-05-01 15:34:14.638151
3203;7;2024-05-01 15:34:14.738709
3204;464;2024-05-01 15:34:14.738709
3205;10009;2024-05-01 15:34:14.739622
3206;36.5;2024-05-01 15:34:14.739622
3207;230.7834482799839;2024-05-01 15:34:14.739622
3208;-0.6546751979964861;2024-05-01 15:34:14.740623
3209;75;2024-05-01 15:34:14.740623
3203;8;2024-05-01 15:34:14.841937
3204;470;2024-05-01 15:34:14.842745
3205;10016;2024-05-01 15:34:14.843739
3206;37.1;2024-05-01 15:34:14.843739
3207;78.7273777030583;2024-05-01 15:34:14.844737
3208;-0.6805955963658114;2024-05-01 15:34:14.844737
3209;78;2024-05-01 15:34:14.844737
3203;9;2024-05-01 15:34:14.946331
3204;473;2024-05-01 15:34:14.947154
3205;10021;2024-05-01 15:34:14.947154
3206;37.7;2024-05-01 15:34:14.948139
3207;215.8355855738344;2024-05-01 15:34:14.948139
3208;-0.6806171281830067;2024-05-01 15:34:14.948139
3209;80;2024-05-01 15:34:14.949137
3203;7;2024-05-01 15:34:15.050066
3204;465;2024-05-01 15:34:15.050066
3205;10017;2024-05-01 15:34:15.051051
3206;37.7;2024-05-01 15:34:15.052053
3207;258.4511559269952;2024-05-01 15:34:15.053052
3208;-0.6806919391690048;2024-05-01 15:34:15.053052
3209;77;2024-05-01 15:34:15.053052
3203;4;2024-05-01 15:34:15.154856
3204;459;2024-05-01 15:34:15.154856
3205;10009;2024-05-01 15:34:15.155843
3206;37.5;2024-05-01 15:34:15.155843
3207;111.22499719037982;2024-05-01 15:34:15.156845
3208;-0.7031546944972757;2024-05-01 15:34:15.156845
3209;74;2024-05-01 15:34:15.157844
3203;7;2024-05-01 15:34:15.258947
3204;462;2024-05-01 15:34:15.258947
3205;10010;2024-05-01 15:34:15.259842
3206;38.5;2024-05-01 15:34:15.259842
3207;89.71621926942753;2024-05-01 15:34:15.260842
3208;-0.7483406596879753;2024-05-01 15:34:15.260842
3209;77;2024-05-01 15:34:15.261842
3203;10;2024-05-01 15:34:15.363719
3204;469;2024-05-01 15:34:15.363719
3205;10015;2024-05-01 15:34:15.364632
3206;39.4;2024-05-01 15:34:15.364632
3207;146.1984952042941;2024-05-01 15:34:15.364632
3208;-0.7484338218341559;2024-05-01 15:34:15.365622
3209;79;2024-05-01 15:34:15.365622
3203;13;2024-05-01 15:34:15.466602
3204;470;2024-05-01 15:34:15.467399
3205;10021;2024-05-01 15:34:15.468397
3206;39.6;2024-05-01 15:34:15.469399
3207;246.59480935331953;2024-05-01 15:34:15.469399
3208;-0.7484984697923264;2024-05-01 15:34:15.470397
3209;81;2024-05-01 15:34:15.470397
3203;15;2024-05-01 15:34:15.571694
3204;476;2024-05-01 15:34:15.571694
3205;10028;2024-05-01 15:34:15.572660
3206;40.0;2024-05-01 15:34:15.572660
3207;216.4855653386618;2024-05-01 15:34:15.572660
3208;-0.7639379617757841;2024-05-01 15:34:15.573660
3209;83;2024-05-01 15:34:15.573660
3203;12;2024-05-01 15:34:15.675468
3204;472;2024-05-01 15:34:15.676541
3205;10024;2024-05-01 15:34:15.677455
3206;39.2;2024-05-01 15:34:15.677455
3207;266.55393450482023;2024-05-01 15:34:15.678454
3208;-0.7639865487879737;2024-05-01 15:34:15.678454
3209;81;2024-05-01 15:34:15.678454
3203;13;2024-05-01 15:34:15.780234
3204;474;2024-05-01 15:34:15.780234
3205;10028;2024-05-01 15:34:15.781242
3206;39.4;2024-05-01 15:34:15.781242
3207;288.17529387509956;2024-05-01 15:34:15.782231
3208;-0.7639947673872471;2024-05-01 15:34:15.782231
3209;84;2024-05-01 15:34:15.783231
3203;10;2024-05-01 15:34:15.887232
3204;469;2024-05-01 15:34:15.888232
3205;10021;2024-05-01 15:34:15.891232
3206;39.3;2024-05-01 15:34:15.892232
3207;264.8433499259515;2024-05-01 15:34:15.894237
3208;-0.7843568678561098;2024-05-01 15:34:15.894237
3209;81;2024-05-01 15:34:15.895232
3203;12;2024-05-01 15:34:15.996231
3204;473;2024-05-01 15:34:15.997232
3205;10026;2024-05-01 15:34:15.997232
3206;40.0;2024-05-01 15:34:15.998231
3207;254.50736728039917;2024-05-01 15:34:15.998231
3208;-0.817711648739006;2024-05-01 15:34:15.998231
3209;82;2024-05-01 15:34:15.999232
3203;13;2024-05-01 15:34:16.100230
3204;479;2024-05-01 15:34:16.101231
3205;10033;2024-05-01 15:34:16.103231
3206;40.2;2024-05-01 15:34:16.104232
3207;223.1008740458002;2024-05-01 15:34:16.106232
3208;-0.8247264654314597;2024-05-01 15:34:16.108232
3209;83;2024-05-01 15:34:16.111232
3203;15;2024-05-01 15:34:16.213229
3204;484;2024-05-01 15:34:16.214232
3205;10035;2024-05-01 15:34:16.214232
3206;40.9;2024-05-01 15:34:16.214232
3207;217.17734688498246;2024-05-01 15:34:16.215232
3208;-0.8388765747321457;2024-05-01 15:34:16.215232
3209;84;2024-05-01 15:34:16.216232
3203;18;2024-05-01 15:34:16.317161
3204;488;2024-05-01 15:34:16.318069
3205;10037;2024-05-01 15:34:16.319067
3206;41.3;2024-05-01 15:34:16.319067
3207;89.56003573022959;2024-05-01 15:34:16.319067
3208;-0.8707630055343859;2024-05-01 15:34:16.320066
3209;85;2024-05-01 15:34:16.320066
3203;16;2024-05-01 15:34:16.421563
3204;486;2024-05-01 15:34:16.421563
3205;10032;2024-05-01 15:34:16.422565
3206;40.4;2024-05-01 15:34:16.422565
3207;304.5800387418716;2024-05-01 15:34:16.423567
3208;-0.8707728317118291;2024-05-01 15:34:16.423567
3209;83;2024-05-01 15:34:16.423567
3203;18;2024-05-01 15:34:16.525567
3204;488;2024-05-01 15:34:16.527564
3205;10035;2024-05-01 15:34:16.527564
3206;41.2;2024-05-01 15:34:16.528567
3207;240.40174708183798;2024-05-01 15:34:16.529567
3208;-0.8968719643262492;2024-05-01 15:34:16.530566
3209;84;2024-05-01 15:34:16.530566
3203;17;2024-05-01 15:34:16.632566
3204;482;2024-05-01 15:34:16.633565
3205;10029;2024-05-01 15:34:16.633565
3206;40.9;2024-05-01 15:34:16.633565
3207;217.38905216224666;2024-05-01 15:34:16.634566
3208;-0.9006068026997263;2024-05-01 15:34:16.635567
3209;82;2024-05-01 15:34:16.635567
3203;16;2024-05-01 15:34:16.737565
3204;479;2024-05-01 15:34:16.738565
3205;10021;2024-05-01 15:34:16.738565
3206;40.1;2024-05-01 15:34:16.738565
3207;87.02873088813831;2024-05-01 15:34:16.739564
3208;-0.9308893219096244;2024-05-01 15:34:16.739564
3209;81;2024-05-01 15:34:16.740566
3203;14;2024-05-01 15:34:16.841565
3204;474;2024-05-01 15:34:16.841565
3205;10015;2024-05-01 15:34:16.842565
3206;39.2;2024-05-01 15:34:16.843566
3207;203.632021057593;2024-05-01 15:34:16.843566
3208;-0.9309586945549906;2024-05-01 15:34:16.844566
3209;78;2024-05-01 15:34:16.844566
3203;12;2024-05-01 15:34:16.945564
3204;471;2024-05-01 15:34:16.945564
3205;10014;2024-05-01 15:34:16.946565
3206;38.9;2024-05-01 15:34:16.946565
3207;267.7704240576244;2024-05-01 15:34:16.946565
3208;-0.9310338809268619;2024-05-01 15:34:16.947566
3209;77;2024-05-01 15:34:16.947566
3203;13;2024-05-01 15:34:17.049563
3204;474;2024-05-01 15:34:17.049563
3205;10018;2024-05-01 15:34:17.050566
3206;39.1;2024-05-01 15:34:17.050566
3207;210.09997620180732;2024-05-01 15:34:17.051566
3208;-0.9746516732507156;2024-05-01 15:34:17.052566
3209;78;2024-05-01 15:34:17.052566
3203;12;2024-05-01 15:34:17.153570
3204;466;2024-05-01 15:34:17.154566
3205;10012;2024-05-01 15:34:17.154566
3206;38.8;2024-05-01 15:34:17.154566
3207;219.57003438538695;2024-05-01 15:34:17.155567
3208;-0.974655506272917;2024-05-01 15:34:17.155567
3209;75;2024-05-01 15:34:17.155567
3203;10;2024-05-01 15:34:17.257206
3204;461;2024-05-01 15:34:17.257206
3205;10006;2024-05-01 15:34:17.258210
3206;38.4;2024-05-01 15:34:17.258210
3207;195.98469327985796;2024-05-01 15:34:17.259199
3208;-1.0220381007114139;2024-05-01 15:34:17.259199
3209;73;2024-05-01 15:34:17.260200
3203;12;2024-05-01 15:34:17.362086
3204;467;2024-05-01 15:34:17.363006
3205;10009;2024-05-01 15:34:17.363006
3206;39.4;2024-05-01 15:34:17.364003
3207;251.70419146291545;2024-05-01 15:34:17.364003
3208;-1.0220820253180072;2024-05-01 15:34:17.364003
3209;75;2024-05-01 15:34:17.365003
3203;10;2024-05-01 15:34:17.465625
3204;461;2024-05-01 15:34:17.466632
3205;10004;2024-05-01 15:34:17.466632
3206;39.2;2024-05-01 15:34:17.467629
3207;210.4661492972207;2024-05-01 15:34:17.467629
3208;-1.049837660168234;2024-05-01 15:34:17.468622
3209;72;2024-05-01 15:34:17.468622
3203;8;2024-05-01 15:34:17.570561
3204;454;2024-05-01 15:34:17.571389
3205;10000;2024-05-01 15:34:17.571389
3206;39.2;2024-05-01 15:34:17.572385
3207;249.9959999679995;2024-05-01 15:34:17.572385
3208;-1.0499334251781915;2024-05-01 15:34:17.572385
3209;71;2024-05-01 15:34:17.573375
3203;9;2024-05-01 15:34:17.674537
3204;462;2024-05-01 15:34:17.675518
3205;10007;2024-05-01 15:34:17.675518
3206;39.8;2024-05-01 15:34:17.675518
3207;189.47559209565753;2024-05-01 15:34:17.676521
3208;-1.085665418085811;2024-05-01 15:34:17.677521
3209;74;2024-05-01 15:34:17.677521
3203;8;2024-05-01 15:34:17.779323
3204;460;2024-05-01 15:34:17.780124
3205;10000;2024-05-01 15:34:17.780124
3206;39.0;2024-05-01 15:34:17.781126
3207;200.65891457894415;2024-05-01 15:34:17.781126
3208;-1.0857603898824313;2024-05-01 15:34:17.781126
3209;71;2024-05-01 15:34:17.782128
3203;9;2024-05-01 15:34:17.883505
3204;461;2024-05-01 15:34:17.887507
3205;10007;2024-05-01 15:34:17.889505
3206;39.9;2024-05-01 15:34:17.889505
3207;36.02776706930364;2024-05-01 15:34:17.890505
3208;-1.0891194999174831;2024-05-01 15:34:17.891507
3209;74;2024-05-01 15:34:17.891507
3203;11;2024-05-01 15:34:17.993022
3204;466;2024-05-01 15:34:17.994024
3205;10009;2024-05-01 15:34:17.994555
3206;40.0;2024-05-01 15:34:17.994555
3207;182.25805880673698;2024-05-01 15:34:17.995546
3208;-1.0891748301073914;2024-05-01 15:34:17.995546
3209;75;2024-05-01 15:34:17.995546
3203;8;2024-05-01 15:34:18.097180
3204;458;2024-05-01 15:34:18.099174
3205;10003;2024-05-01 15:34:18.099174
3206;39.5;2024-05-01 15:34:18.100174
3207;185.35371590556258;2024-05-01 15:34:18.100174
3208;-1.0892434205685118;2024-05-01 15:34:18.102175
3209;74;2024-05-01 15:34:18.103174
3203;9;2024-05-01 15:34:18.204173
3204;462;2024-05-01 15:34:18.204173
3205;10011;2024-05-01 15:34:18.205173
3206;39.7;2024-05-01 15:34:18.205173
3207;228.70723643995177;2024-05-01 15:34:18.206173
3208;-1.0893015850291397;2024-05-01 15:34:18.206173
3209;77;2024-05-01 15:34:18.206173
3203;11;2024-05-01 15:34:18.307695
3204;463;2024-05-01 15:34:18.307695
3205;10014;2024-05-01 15:34:18.308691
3206;40.6;2024-05-01 15:34:18.308691
3207;107.56393447619885;2024-05-01 15:34:18.310692
3208;-1.121786604605202;2024-05-01 15:34:18.310692
3209;78;2024-05-01 15:34:18.311691
3203;8;2024-05-01 15:34:18.412488
3204;461;2024-05-01 15:34:18.413358
3205;10009;2024-05-01 15:34:18.413358
3206;40.5;2024-05-01 15:34:18.414360
3207;114.16654501210063;2024-05-01 15:34:18.414360
3208;-1.121838367962432;2024-05-01 15:34:18.415361
3209;77;2024-05-01 15:34:18.415361
3203;10;2024-05-01 15:34:18.517239
3204;467;2024-05-01 15:34:18.518238
3205;10016;2024-05-01 15:34:18.519240
3206;40.7;2024-05-01 15:34:18.519240
3207;209.40391591371923;2024-05-01 15:34:18.519240
3208;-1.1219336503012376;2024-05-01 15:34:18.520237
3209;80;2024-05-01 15:34:18.520237
3203;13;2024-05-01 15:34:18.621241
3204;472;2024-05-01 15:34:18.621241
3205;10021;2024-05-01 15:34:18.622237
3206;40.8;2024-05-01 15:34:18.622237
3207;166.19265928433782;2024-05-01 15:34:18.622237
3208;-1.1296847135599892;2024-05-01 15:34:18.623238
3209;81;2024-05-01 15:34:18.623238
3203;11;2024-05-01 15:34:18.724237
3204;471;2024-05-01 15:34:18.725237
3205;10019;2024-05-01 15:34:18.725237
3206;40.1;2024-05-01 15:34:18.726237
3207;137.48454458592792;2024-05-01 15:34:18.727239
3208;-1.1456695555796126;2024-05-01 15:34:18.727239
3209;80;2024-05-01 15:34:18.728239
3203;12;2024-05-01 15:34:18.829235
3204;479;2024-05-01 15:34:18.829235
3205;10021;2024-05-01 15:34:18.830238
3206;40.8;2024-05-01 15:34:18.831236
3207;148.62032162527439;2024-05-01 15:34:18.831236
3208;-1.1456972436369857;2024-05-01 15:34:18.832237
3209;82;2024-05-01 15:34:18.832237
3203;10;2024-05-01 15:34:18.934240
3204;475;2024-05-01 15:34:18.935237
3205;10019;2024-05-01 15:34:18.936237
3206;39.9;2024-05-01 15:34:18.937237
3207;203.7694775966214;2024-05-01 15:34:18.938236
3208;-1.1457966461314257;2024-05-01 15:34:18.938236
3209;80;2024-05-01 15:34:18.939236
3203;12;2024-05-01 15:34:19.040235
3204;483;2024-05-01 15:34:19.040235
3205;10027;2024-05-01 15:34:19.041239
3206;40.3;2024-05-01 15:34:19.041239
3207;218.4856974723975;2024-05-01 15:34:19.041239
3208;-1.1458452186676311;2024-05-01 15:34:19.042237
3209;83;2024-05-01 15:34:19.042237
3203;9;2024-05-01 15:34:19.144051
3204;478;2024-05-01 15:34:19.145048
3205;10024;2024-05-01 15:34:19.145048
3206;39.5;2024-05-01 15:34:19.146042
3207;255.76160775221913;2024-05-01 15:34:19.146042
3208;-1.1458919536325733;2024-05-01 15:34:19.147041
3209;80;2024-05-01 15:34:19.148042
3203;7;2024-05-01 15:34:19.248407
3204;472;2024-05-01 15:34:19.248407
3205;10022;2024-05-01 15:34:19.249410
3206;39.4;2024-05-01 15:34:19.249410
3207;247.0850056154764;2024-05-01 15:34:19.249410
3208;-1.171576748424193;2024-05-01 15:34:19.250408
3209;77;2024-05-01 15:34:19.250408
3203;8;2024-05-01 15:34:19.352164
3204;479;2024-05-01 15:34:19.353172
3205;10027;2024-05-01 15:34:19.353172
3206;39.8;2024-05-01 15:34:19.353172
3207;270.76927447552094;2024-05-01 15:34:19.354166
3208;-1.171605721643256;2024-05-01 15:34:19.354166
3209;80;2024-05-01 15:34:19.354166
3203;7;2024-05-01 15:34:19.456162
3204;472;2024-05-01 15:34:19.456162
3205;10023;2024-05-01 15:34:19.457164
3206;39.5;2024-05-01 15:34:19.457164
3207;262.06106158679887;2024-05-01 15:34:19.458163
3208;-1.2107537328481628;2024-05-01 15:34:19.458163
3209;78;2024-05-01 15:34:19.459163
3203;6;2024-05-01 15:34:19.560180
3204;469;2024-05-01 15:34:19.561164
3205;10017;2024-05-01 15:34:19.562166
3206;39.2;2024-05-01 15:34:19.562166
3207;165.72567694838358;2024-05-01 15:34:19.563165
3208;-1.2197240087286985;2024-05-01 15:34:19.563165
3209;77;2024-05-01 15:34:19.563165
3203;3;2024-05-01 15:34:19.665180
3204;462;2024-05-01 15:34:19.666166
3205;10011;2024-05-01 15:34:19.666166
3206;39.0;2024-05-01 15:34:19.667165
3207;104.48444860360799;2024-05-01 15:34:19.667165
3208;-1.257243553523603;2024-05-01 15:34:19.668163
3209;74;2024-05-01 15:34:19.669165
3203;4;2024-05-01 15:34:19.772489
3204;464;2024-05-01 15:34:19.772489
3205;10014;2024-05-01 15:34:19.773490
3206;39.6;2024-05-01 15:34:19.773490
3207;147.51949023773096;2024-05-01 15:34:19.774490
3208;-1.2573144800045737;2024-05-01 15:34:19.774490
3209;75;2024-05-01 15:34:19.774490
3203;3;2024-05-01 15:34:19.875673
3204;463;2024-05-01 15:34:19.878674
3205;10013;2024-05-01 15:34:19.878674
3206;39.2;2024-05-01 15:34:19.879678
3207;173.30031736843415;2024-05-01 15:34:19.879678
3208;-1.2573932373321588;2024-05-01 15:34:19.880677
3209;74;2024-05-01 15:34:19.880677
3203;4;2024-05-01 15:34:19.982673
3204;470;2024-05-01 15:34:19.982673
3205;10017;2024-05-01 15:34:19.983676
3206;39.2;2024-05-01 15:34:19.983676
3207;270.46071803498563;2024-05-01 15:34:19.984676
3208;-1.2574876775853512;2024-05-01 15:34:19.984676
3209;75;2024-05-01 15:34:19.985674
3203;1;2024-05-01 15:34:20.087674
3204;467;2024-05-01 15:34:20.088673
3205;10014;2024-05-01 15:34:20.091673
3206;38.4;2024-05-01 15:34:20.092674
3207;101.03959619871806;2024-05-01 15:34:20.093674
3208;-1.2749692781402313;2024-05-01 15:34:20.093674
3209;72;2024-05-01 15:34:20.094674
3203;0;2024-05-01 15:34:20.195673
3204;459;2024-05-01 15:34:20.196674
3205;10011;2024-05-01 15:34:20.196674
3206;37.8;2024-05-01 15:34:20.197675
3207;156.3009916795156;2024-05-01 15:34:20.197675
3208;-1.275068732722267;2024-05-01 15:34:20.198674
3209;71;2024-05-01 15:34:20.199674
3203;2;2024-05-01 15:34:20.300675
3204;467;2024-05-01 15:34:20.301674
3205;10016;2024-05-01 15:34:20.301674
3206;38.3;2024-05-01 15:34:20.302673
3207;242.15077947427713;2024-05-01 15:34:20.302673
3208;-1.2751135185564517;2024-05-01 15:34:20.302673
3209;73;2024-05-01 15:34:20.303675
3203;1;2024-05-01 15:34:20.404672
3204;462;2024-05-01 15:34:20.404672
3205;10012;2024-05-01 15:34:20.405674
3206;37.3;2024-05-01 15:34:20.405674
3207;265.53530838666256;2024-05-01 15:34:20.406203
3208;-1.2751333223820147;2024-05-01 15:34:20.406203
3209;71;2024-05-01 15:34:20.407192
3203;3;2024-05-01 15:34:20.508543
3204;464;2024-05-01 15:34:20.508543
3205;10020;2024-05-01 15:34:20.509538
3206;37.9;2024-05-01 15:34:20.510539
3207;243.36597954521088;2024-05-01 15:34:20.510539
3208;-1.3220851125599167;2024-05-01 15:34:20.511536
3209;72;2024-05-01 15:34:20.511536
3203;5;2024-05-01 15:34:20.613408
3204;470;2024-05-01 15:34:20.613408
3205;10028;2024-05-01 15:34:20.614302
3206;37.9;2024-05-01 15:34:20.614302
3207;241.2716311545972;2024-05-01 15:34:20.614302
3208;-1.3533764514301279;2024-05-01 15:34:20.615302
3209;75;2024-05-01 15:34:20.615302
3203;3;2024-05-01 15:34:20.716666
3204;463;2024-05-01 15:34:20.717470
3205;10021;2024-05-01 15:34:20.718470
3206;37.5;2024-05-01 15:34:20.719469
3207;204.81455026437942;2024-05-01 15:34:20.719469
3208;-1.3662359375803186;2024-05-01 15:34:20.720471
3209;73;2024-05-01 15:34:20.720471
3203;2;2024-05-01 15:34:20.821504
3204;458;2024-05-01 15:34:20.822346
3205;10018;2024-05-01 15:34:20.822346
3206;37.3;2024-05-01 15:34:20.822346
3207;254.10234158700703;2024-05-01 15:34:20.823342
3208;-1.3662682020472394;2024-05-01 15:34:20.823342
3209;72;2024-05-01 15:34:20.823342
3203;0;2024-05-01 15:34:20.925543
3204;450;2024-05-01 15:34:20.926734
3205;10017;2024-05-01 15:34:20.927723
3206;37.1;2024-05-01 15:34:20.927723
3207;190.7511467855436;2024-05-01 15:34:20.928723
3208;-1.38338973205984;2024-05-01 15:34:20.928723
3209;70;2024-05-01 15:34:20.929727
3203;1;2024-05-01 15:34:21.030654
3204;452;2024-05-01 15:34:21.031651
3205;10022;2024-05-01 15:34:21.031651
3206;37.3;2024-05-01 15:34:21.032648
3207;151.7794452486897;2024-05-01 15:34:21.032648
3208;-1.390400582485085;2024-05-01 15:34:21.032648
3209;72;2024-05-01 15:34:21.033648
3203;0;2024-05-01 15:34:21.134954
3204;451;2024-05-01 15:34:21.135916
3205;10020;2024-05-01 15:34:21.136927
3206;36.8;2024-05-01 15:34:21.136927
3207;205.1852821232556;2024-05-01 15:34:21.137914
3208;-1.390435923207395;2024-05-01 15:34:21.137914
3209;71;2024-05-01 15:34:21.137914
3203;0;2024-05-01 15:34:21.239592
3204;449;2024-05-01 15:34:21.239592
3205;10019;2024-05-01 15:34:21.240575
3206;36.2;2024-05-01 15:34:21.240575
3207;156.7482057313576;2024-05-01 15:34:21.240575
3208;-1.4363492204140798;2024-05-01 15:34:21.241575
3209;70;2024-05-01 15:34:21.241575
3203;0;2024-05-01 15:34:21.343575
3204;540;2024-05-01 15:34:21.344575
3205;10219;2024-05-01 15:34:21.345577
3206;36.8;2024-05-01 15:34:21.345577
3207;218.59780419757195;2024-05-01 15:34:21.346575
3208;-1.4364291799262194;2024-05-01 15:34:21.347575
3209;73.6;2024-05-01 15:34:21.347575
3203;0;2024-05-01 15:34:21.448582
3204;539;2024-05-01 15:34:21.448582
3205;10211;2024-05-01 15:34:21.449575
3206;35.1;2024-05-01 15:34:21.449575
3207;159.53369550035504;2024-05-01 15:34:21.450575
3208;-1.4672587887598834;2024-05-01 15:34:21.450575
3209;71.6;2024-05-01 15:34:21.450575
3203;0;2024-05-01 15:34:21.552581
3204;648;2024-05-01 15:34:21.552581
3205;10415;2024-05-01 15:34:21.553574
3206;35.7;2024-05-01 15:34:21.553574
3207;248.22167512125125;2024-05-01 15:34:21.554574
3208;-1.4672669668190848;2024-05-01 15:34:21.554574
3209;72.8;2024-05-01 15:34:21.554574
3203;0;2024-05-01 15:34:21.656574
3204;778;2024-05-01 15:34:21.657574
3205;10623;2024-05-01 15:34:21.658577
3206;36.4;2024-05-01 15:34:21.658577
3207;202.85462775100794;2024-05-01 15:34:21.658577
3208;-1.4955560766005964;2024-05-01 15:34:21.659575
3209;75.2;2024-05-01 15:34:21.660577
3203;0;2024-05-01 15:34:21.762578
3204;777;2024-05-01 15:34:21.763577
3205;10621;2024-05-01 15:34:21.763577
3206;34.9;2024-05-01 15:34:21.764577
3207;176.21010186706096;2024-05-01 15:34:21.764577
3208;-1.5152341058011307;2024-05-01 15:34:21.764577
3209;74.2;2024-05-01 15:34:21.765574
3203;0;2024-05-01 15:34:21.866573
3204;933;2024-05-01 15:34:21.871575
3205;10833;2024-05-01 15:34:21.873575
3206;35.5;2024-05-01 15:34:21.880575
3207;151.06621064950295;2024-05-01 15:34:21.881574
3208;-1.5396143878973676;2024-05-01 15:34:21.882576
3209;77.8;2024-05-01 15:34:21.883575
3203;0;2024-05-01 15:34:21.985576
3204;1120;2024-05-01 15:34:21.986574
3205;11049;2024-05-01 15:34:21.987576
3206;35.9;2024-05-01 15:34:21.988576
3207;89.69392398596462;2024-05-01 15:34:21.988576
3208;-1.5766174392067227;2024-05-01 15:34:21.989576
3209;81.4;2024-05-01 15:34:21.989576
3203;0;2024-05-01 15:34:22.090575
3204;1114;2024-05-01 15:34:22.091575
3205;11047;2024-05-01 15:34:22.092574
3206;34.2;2024-05-01 15:34:22.094574
3207;121.8605760695394;2024-05-01 15:34:22.095593
3208;-1.576683810427655;2024-05-01 15:34:22.095593
3209;79.4;2024-05-01 15:34:22.096577
3203;0;2024-05-01 15:34:22.197575
3204;1112;2024-05-01 15:34:22.198575
3205;11045;2024-05-01 15:34:22.199575
3206;34.1;2024-05-01 15:34:22.199575
3207;195.7753814962443;2024-05-01 15:34:22.200575
3208;-1.5767557665347147;2024-05-01 15:34:22.202574
3209;76.4;2024-05-01 15:34:22.203574
3203;0;2024-05-01 15:34:22.305575
3204;1104;2024-05-01 15:34:22.306576
3205;11039;2024-05-01 15:34:22.307575
3206;32.4;2024-05-01 15:34:22.308578
3207;145.09651959988565;2024-05-01 15:34:22.308578
3208;-1.5874143005392232;2024-05-01 15:34:22.311574
3209;75.4;2024-05-01 15:34:22.312579
3203;1;2024-05-01 15:34:22.413573
3204;1106;2024-05-01 15:34:22.413573
3205;11042;2024-05-01 15:34:22.414575
3206;33.0;2024-05-01 15:34:22.414575
3207;187.0133685061044;2024-05-01 15:34:22.415576
3208;-1.5875067243735792;2024-05-01 15:34:22.415576
3209;76.4;2024-05-01 15:34:22.415576
3203;0;2024-05-01 15:34:22.517575
3204;1100;2024-05-01 15:34:22.519575
3205;11040;2024-05-01 15:34:22.519575
3206;32.9;2024-05-01 15:34:22.520576
3207;156.7482057313576;2024-05-01 15:34:22.520576
3208;-1.599519118878599;2024-05-01 15:34:22.521575
3209;75.4;2024-05-01 15:34:22.521575
3203;0;2024-05-01 15:34:22.622573
3204;1096;2024-05-01 15:34:22.623575
3205;11035;2024-05-01 15:34:22.624575
3206;32.9;2024-05-01 15:34:22.624575
3207;141.78152206828645;2024-05-01 15:34:22.625575
3208;-1.620596332189482;2024-05-01 15:34:22.625575
3209;74.4;2024-05-01 15:34:22.625575
3203;3;2024-05-01 15:34:22.727576
3204;1097;2024-05-01 15:34:22.727576
3205;11041;2024-05-01 15:34:22.728578
3206;33.3;2024-05-01 15:34:22.728578
3207;105.8536725862641;2024-05-01 15:34:22.729576
3208;-1.623999767833246;2024-05-01 15:34:22.729576
3209;77.4;2024-05-01 15:34:22.729576
3203;4;2024-05-01 15:34:22.831574
3204;1098;2024-05-01 15:34:22.832575
3205;11045;2024-05-01 15:34:22.832575
3206;33.4;2024-05-01 15:34:22.832575
3207;181.08009277664954;2024-05-01 15:34:22.833576
3208;-1.6240499556145807;2024-05-01 15:34:22.833576
3209;78.4;2024-05-01 15:34:22.834576
3203;1;2024-05-01 15:34:22.936574
3204;1094;2024-05-01 15:34:22.937574
3205;11037;2024-05-01 15:34:22.938575
3206;33.0;2024-05-01 15:34:22.938575
3207;210.16184239771025;2024-05-01 15:34:22.939575
3208;-1.6240900148698536;2024-05-01 15:34:22.939575
3209;77.4;2024-05-01 15:34:22.940576
3203;0;2024-05-01 15:34:23.047576
3204;1089;2024-05-01 15:34:23.053576
3205;11031;2024-05-01 15:34:23.056574
3206;32.8;2024-05-01 15:34:23.057574
3207;182.89341158171882;2024-05-01 15:34:23.057574
3208;-1.6411057540061824;2024-05-01 15:34:23.058575
3209;75.4;2024-05-01 15:34:23.058575
3203;0;2024-05-01 15:34:23.163575
3204;1088;2024-05-01 15:34:23.165576
3205;11024;2024-05-01 15:34:23.169575
3206;32.3;2024-05-01 15:34:23.170576
3207;170.32322213955442;2024-05-01 15:34:23.171576
3208;-1.6534939351448301;2024-05-01 15:34:23.171576
3209;73.4;2024-05-01 15:34:23.172576
3203;0;2024-05-01 15:34:23.273575
3204;1086;2024-05-01 15:34:23.275575
3205;11021;2024-05-01 15:34:23.277575
3206;32.0;2024-05-01 15:34:23.278576
3207;229.2771248947439;2024-05-01 15:34:23.278576
3208;-1.6535552702623384;2024-05-01 15:34:23.279574
3209;71.4;2024-05-01 15:34:23.279574
3203;2;2024-05-01 15:34:23.380577
3204;1091;2024-05-01 15:34:23.380577
3205;11028;2024-05-01 15:34:23.381575
3206;32.2;2024-05-01 15:34:23.381575
3207;205.966016614392;2024-05-01 15:34:23.382576
3208;-1.6844035838077243;2024-05-01 15:34:23.382576
3209;74.4;2024-05-01 15:34:23.382576
3203;3;2024-05-01 15:34:23.484576
3204;1096;2024-05-01 15:34:23.485576
3205;11034;2024-05-01 15:34:23.486129
3206;33.2;2024-05-01 15:34:23.487098
3207;166.19265928433782;2024-05-01 15:34:23.488098
3208;-1.7247886197883142;2024-05-01 15:34:23.488098
3209;75.4;2024-05-01 15:34:23.488098
3203;5;2024-05-01 15:34:23.590099
3204;1098;2024-05-01 15:34:23.590099
3205;11036;2024-05-01 15:34:23.591097
3206;34.1;2024-05-01 15:34:23.591097
3207;177.81169815284932;2024-05-01 15:34:23.592098
3208;-1.724832472066845;2024-05-01 15:34:23.592098
3209;77.4;2024-05-01 15:34:23.593098
3203;8;2024-05-01 15:34:23.695102
3204;1099;2024-05-01 15:34:23.696099
3205;11041;2024-05-01 15:34:23.696099
3206;35.0;2024-05-01 15:34:23.697098
3207;259.44170828916464;2024-05-01 15:34:23.697098
3208;-1.7248556757004974;2024-05-01 15:34:23.698100
3209;78.4;2024-05-01 15:34:23.698100
3203;9;2024-05-01 15:34:23.799097
3204;1103;2024-05-01 15:34:23.799097
3205;11043;2024-05-01 15:34:23.800098
3206;35.3;2024-05-01 15:34:23.800098
3207;217.08523671590382;2024-05-01 15:34:23.800098
3208;-1.7413402882914812;2024-05-01 15:34:23.801098
3209;80.4;2024-05-01 15:34:23.802098
3203;10;2024-05-01 15:34:23.903097
3204;1104;2024-05-01 15:34:23.906098
3205;11050;2024-05-01 15:34:23.907097
3206;35.9;2024-05-01 15:34:23.908099
3207;186.38401218988716;2024-05-01 15:34:23.911097
3208;-1.7668262183502303;2024-05-01 15:34:23.916099
3209;83.4;2024-05-01 15:34:23.917099
3203;11;2024-05-01 15:34:24.022098
3204;1111;2024-05-01 15:34:24.022098
3205;11054;2024-05-01 15:34:24.023100
3206;36.4;2024-05-01 15:34:24.023100
3207;203.22647465327935;2024-05-01 15:34:24.023100
3208;-1.766840427729973;2024-05-01 15:34:24.024099
3209;84.4;2024-05-01 15:34:24.024099
3203;14;2024-05-01 15:34:24.127099
3204;1118;2024-05-01 15:34:24.128097
3205;11062;2024-05-01 15:34:24.129097
3206;36.4;2024-05-01 15:34:24.129097
3207;283.6194633659686;2024-05-01 15:34:24.130097
3208;-1.7669166820007625;2024-05-01 15:34:24.130097
3209;86.4;2024-05-01 15:34:24.131097
3203;16;2024-05-01 15:34:24.232097
3204;1124;2024-05-01 15:34:24.232097
3205;11065;2024-05-01 15:34:24.233099
3206;37.4;2024-05-01 15:34:24.233099
3207;93.7709976485267;2024-05-01 15:34:24.234098
3208;-1.809440244190397;2024-05-01 15:34:24.234098
3209;88.4;2024-05-01 15:34:24.235097
3203;17;2024-05-01 15:34:24.336108
3204;1127;2024-05-01 15:34:24.336108
3205;11066;2024-05-01 15:34:24.337097
3206;38.1;2024-05-01 15:34:24.337097
3207;215.65481677903696;2024-05-01 15:34:24.338096
3208;-1.8095109509901088;2024-05-01 15:34:24.338096
3209;90.4;2024-05-01 15:34:24.338096
3203;19;2024-05-01 15:34:24.439377
3204;1128;2024-05-01 15:34:24.440249
3205;11069;2024-05-01 15:34:24.440249
3206;38.9;2024-05-01 15:34:24.441247
3207;141.34001556530268;2024-05-01 15:34:24.441247
3208;-1.8351444319197272;2024-05-01 15:34:24.441247
3209;91.4;2024-05-01 15:34:24.442248
3203;18;2024-05-01 15:34:24.543942
3204;1120;2024-05-01 15:34:24.544943
3205;11068;2024-05-01 15:34:24.545942
3206;38.8;2024-05-01 15:34:24.545942
3207;192.9481795716145;2024-05-01 15:34:24.546945
3208;-1.8352231996438098;2024-05-01 15:34:24.546945
3209;90.4;2024-05-01 15:34:24.546945
3203;21;2024-05-01 15:34:24.649069
3204;1124;2024-05-01 15:34:24.649951
3205;11069;2024-05-01 15:34:24.649951
3206;39.0;2024-05-01 15:34:24.650942
3207;89.96666049153987;2024-05-01 15:34:24.650942
3208;-1.8635366770378874;2024-05-01 15:34:24.651946
3209;93.4;2024-05-01 15:34:24.652942
3203;24;2024-05-01 15:34:24.754362
3204;1130;2024-05-01 15:34:24.754362
3205;11073;2024-05-01 15:34:24.755331
3206;39.0;2024-05-01 15:34:24.755331
3207;310.64127220960194;2024-05-01 15:34:24.755331
3208;-1.8635517850608803;2024-05-01 15:34:24.756318
3209;94.4;2024-05-01 15:34:24.756318
3203;22;2024-05-01 15:34:24.858021
3204;1122;2024-05-01 15:34:24.859016
3205;11066;2024-05-01 15:34:24.861017
3206;38.6;2024-05-01 15:34:24.861017
3207;63.0158710167526;2024-05-01 15:34:24.862017
3208;-1.8998869220377024;2024-05-01 15:34:24.862017
3209;91.4;2024-05-01 15:34:24.862017
3203;23;2024-05-01 15:34:24.963591
3204;1125;2024-05-01 15:34:24.964405
3205;11073;2024-05-01 15:34:24.964405
3206;38.6;2024-05-01 15:34:24.964405
3207;118.36384583140241;2024-05-01 15:34:24.965405
3208;-1.8999748632617703;2024-05-01 15:34:24.965405
3209;93.4;2024-05-01 15:34:24.966403
3203;24;2024-05-01 15:34:25.067395
3204;1133;2024-05-01 15:34:25.069393
3205;11078;2024-05-01 15:34:25.069393
3206;39.4;2024-05-01 15:34:25.070393
3207;241.47463634924478;2024-05-01 15:34:25.071395
3208;-1.8999796192780358;2024-05-01 15:34:25.071395
3209;95.4;2024-05-01 15:34:25.071395
3203;27;2024-05-01 15:34:25.173393
3204;1141;2024-05-01 15:34:25.173393
3205;11080;2024-05-01 15:34:25.174392
3206;39.8;2024-05-01 15:34:25.175392
3207;149.12075643584967;2024-05-01 15:34:25.177393
3208;-1.9037821890230526;2024-05-01 15:34:25.178393
3209;96.4;2024-05-01 15:34:25.179394
3203;26;2024-05-01 15:34:25.281398
3204;1140;2024-05-01 15:34:25.282392
3205;11074;2024-05-01 15:34:25.283393
3206;39.7;2024-05-01 15:34:25.283393
3207;193.1657319505714;2024-05-01 15:34:25.283393
3208;-1.9038567454519435;2024-05-01 15:34:25.284391
3209;95.4;2024-05-01 15:34:25.285400
3203;24;2024-05-01 15:34:25.386429
3204;1138;2024-05-01 15:34:25.387392
3205;11071;2024-05-01 15:34:25.388392
3206;39.5;2024-05-01 15:34:25.388392
3207;117.3839852790831;2024-05-01 15:34:25.388392
3208;-1.9329964652602105;2024-05-01 15:34:25.389390
3209;92.4;2024-05-01 15:34:25.389390
3203;23;2024-05-01 15:34:25.491390
3204;1132;2024-05-01 15:34:25.493393
3205;11064;2024-05-01 15:34:25.494393
3206;39.2;2024-05-01 15:34:25.495392
3207;236.8670513178226;2024-05-01 15:34:25.495392
3208;-1.9330097128927575;2024-05-01 15:34:25.496391
3209;89.4;2024-05-01 15:34:25.496391
3203;21;2024-05-01 15:34:25.597397
3204;1128;2024-05-01 15:34:25.598394
3205;11063;2024-05-01 15:34:25.599394
3206;39.1;2024-05-01 15:34:25.599394
3207;131.16401945655676;2024-05-01 15:34:25.600391
3208;-1.9575863775034112;2024-05-01 15:34:25.600391
3209;86.4;2024-05-01 15:34:25.601393
3203;22;2024-05-01 15:34:25.702393
3204;1129;2024-05-01 15:34:25.704393
3205;11067;2024-05-01 15:34:25.704393
3206;39.7;2024-05-01 15:34:25.705392
3207;213.8293712285569;2024-05-01 15:34:25.705392
3208;-1.9576109644714965;2024-05-01 15:34:25.706395
3209;87.4;2024-05-01 15:34:25.706395
3203;20;2024-05-01 15:34:25.808392
3204;1123;2024-05-01 15:34:25.811392
3205;11066;2024-05-01 15:34:25.813395
3206;39.4;2024-05-01 15:34:25.814393
3207;175.79817974029197;2024-05-01 15:34:25.814393
3208;-1.995854235296426;2024-05-01 15:34:25.815392
3209;85.4;2024-05-01 15:34:25.815392
3203;23;2024-05-01 15:34:25.924393
3204;1131;2024-05-01 15:34:25.930393
3205;11067;2024-05-01 15:34:25.931393
3206;39.9;2024-05-01 15:34:25.933393
3207;164.45364088398895;2024-05-01 15:34:25.933393
3208;-2.0027898284459678;2024-05-01 15:34:25.936393
3209;86.4;2024-05-01 15:34:25.937392
3203;25;2024-05-01 15:34:26.038425
3204;1133;2024-05-01 15:34:26.039301
3205;11070;2024-05-01 15:34:26.039301
3206;40.7;2024-05-01 15:34:26.040293
3207;245.05917652681362;2024-05-01 15:34:26.040293
3208;-2.002862785667969;2024-05-01 15:34:26.041294
3209;89.4;2024-05-01 15:34:26.041294
3203;28;2024-05-01 15:34:26.142734
3204;1136;2024-05-01 15:34:26.146721
3205;11076;2024-05-01 15:34:26.147721
3206;40.8;2024-05-01 15:34:26.148721
3207;152.4007873995407;2024-05-01 15:34:26.149723
3208;-2.0497302290612947;2024-05-01 15:34:26.149723
3209;92.4;2024-05-01 15:34:26.150722
3203;30;2024-05-01 15:34:26.251720
3204;1137;2024-05-01 15:34:26.252721
3205;11081;2024-05-01 15:34:26.252721
3206;41.3;2024-05-01 15:34:26.252721
3207;289.4218374622067;2024-05-01 15:34:26.253719
3208;-2.0497868312387255;2024-05-01 15:34:26.253719
3209;93.4;2024-05-01 15:34:26.254720
3203;31;2024-05-01 15:34:26.355333
3204;1138;2024-05-01 15:34:26.355928
3205;11082;2024-05-01 15:34:26.355928
3206;41.8;2024-05-01 15:34:26.356919
3207;256.8618305626587;2024-05-01 15:34:26.357912
3208;-2.054331474719622;2024-05-01 15:34:26.357912
3209;96.4;2024-05-01 15:34:26.358911
3203;28;2024-05-01 15:34:26.460676
3204;1137;2024-05-01 15:34:26.461676
3205;11081;2024-05-01 15:34:26.461676
3206;41.6;2024-05-01 15:34:26.461676
3207;92.29301165310405;2024-05-01 15:34:26.462676
3208;-2.0733894479515227;2024-05-01 15:34:26.462676
3209;93.4;2024-05-01 15:34:26.463677
3203;26;2024-05-01 15:34:26.564238
3204;1133;2024-05-01 15:34:26.565205
3205;11078;2024-05-01 15:34:26.566205
3206;41.1;2024-05-01 15:34:26.566205
3207;125.0;2024-05-01 15:34:26.566205
3208;-2.0734616792781093;2024-05-01 15:34:26.567204
3209;91.4;2024-05-01 15:34:26.569206
3203;28;2024-05-01 15:34:26.670054
3204;1137;2024-05-01 15:34:26.671042
3205;11079;2024-05-01 15:34:26.671042
3206;41.4;2024-05-01 15:34:26.671042
3207;151.2679741386127;2024-05-01 15:34:26.672043
3208;-2.0735207433162763;2024-05-01 15:34:26.672043
3209;94.4;2024-05-01 15:34:26.672043
3203;27;2024-05-01 15:34:26.773309
3204;1129;2024-05-01 15:34:26.774182
3205;11075;2024-05-01 15:34:26.775179
3206;40.8;2024-05-01 15:34:26.775179
3207;225.168825550963;2024-05-01 15:34:26.776180
3208;-2.073584721896967;2024-05-01 15:34:26.776180
3209;91.4;2024-05-01 15:34:26.777179
3203;24;2024-05-01 15:34:26.878768
3204;1126;2024-05-01 15:34:26.881770
3205;11068;2024-05-01 15:34:26.882771
3206;40.8;2024-05-01 15:34:26.883770
3207;102.57680049601859;2024-05-01 15:34:26.885769
3208;-2.114933456771673;2024-05-01 15:34:26.887770
3209;88.4;2024-05-01 15:34:26.888772
3203;27;2024-05-01 15:34:26.989771
3204;1132;2024-05-01 15:34:26.989771
3205;11076;2024-05-01 15:34:26.990769
3206;41.3;2024-05-01 15:34:26.990769
3207;238.20579338042978;2024-05-01 15:34:26.990769
3208;-2.1150054887849343;2024-05-01 15:34:26.991769
3209;89.4;2024-05-01 15:34:26.991769
3203;24;2024-05-01 15:34:27.093818
3204;1125;2024-05-01 15:34:27.094816
3205;11070;2024-05-01 15:34:27.095817
3206;40.7;2024-05-01 15:34:27.095817
3207;258.1201270726481;2024-05-01 15:34:27.095817
3208;-2.1150932825937465;2024-05-01 15:34:27.096816
3209;88.4;2024-05-01 15:34:27.096816
3203;22;2024-05-01 15:34:27.198115
3204;1122;2024-05-01 15:34:27.199115
3205;11063;2024-05-01 15:34:27.200118
3206;40.6;2024-05-01 15:34:27.201116
3207;51.31276644267;2024-05-01 15:34:27.202118
3208;-2.12277891064097;2024-05-01 15:34:27.202118
3209;85.4;2024-05-01 15:34:27.203115
3203;19;2024-05-01 15:34:27.304126
3204;1115;2024-05-01 15:34:27.305115
3205;11055;2024-05-01 15:34:27.305115
3206;40.5;2024-05-01 15:34:27.306126
3207;260.06729898239803;2024-05-01 15:34:27.306126
3208;-2.1227894110446277;2024-05-01 15:34:27.307115
3209;83.4;2024-05-01 15:34:27.307115
3203;21;2024-05-01 15:34:27.408235
3204;1118;2024-05-01 15:34:27.409129
3205;11061;2024-05-01 15:34:27.409129
3206;40.7;2024-05-01 15:34:27.410118
3207;185.09186908127543;2024-05-01 15:34:27.410118
3208;-2.161419115694834;2024-05-01 15:34:27.411116
3209;85.4;2024-05-01 15:34:27.411116
3203;19;2024-05-01 15:34:27.515115
3204;1117;2024-05-01 15:34:27.521117
3205;11057;2024-05-01 15:34:27.524116
3206;40.5;2024-05-01 15:34:27.525118
3207;297.03366812534904;2024-05-01 15:34:27.531116
3208;-2.161450167844515;2024-05-01 15:34:27.532117
3209;83.4;2024-05-01 15:34:27.532117
3203;21;2024-05-01 15:34:27.635115
3204;1125;2024-05-01 15:34:27.636116
3205;11060;2024-05-01 15:34:27.638117
3206;41.0;2024-05-01 15:34:27.638117
3207;143.55835050598765;2024-05-01 15:34:27.639116
3208;-2.165379886732813;2024-05-01 15:34:27.639116
3209;85.4;2024-05-01 15:34:27.639116
3203;20;2024-05-01 15:34:27.746116
3204;1118;2024-05-01 15:34:27.754116
3205;11058;2024-05-01 15:34:27.758116
3206;41.0;2024-05-01 15:34:27.762120
3207;109.99090871522064;2024-05-01 15:34:27.764117
3208;-2.168320062376598;2024-05-01 15:34:27.764117
3209;82.4;2024-05-01 15:34:27.765116
3203;19;2024-05-01 15:34:27.882170
3204;1111;2024-05-01 15:34:27.890172
3205;11057;2024-05-01 15:34:27.891172
3206;40.7;2024-05-01 15:34:27.892172
3207;226.77301426757109;2024-05-01 15:34:27.892172
3208;-2.1683873445284485;2024-05-01 15:34:27.893173
3209;79.4;2024-05-01 15:34:27.897173
3203;20;2024-05-01 15:34:27.999171
3204;1116;2024-05-01 15:34:28.000173
3205;11058;2024-05-01 15:34:28.001172
3206;41.7;2024-05-01 15:34:28.002171
3207;74.53187237685633;2024-05-01 15:34:28.003171
3208;-2.204183894014048;2024-05-01 15:34:28.003171
3209;80.4;2024-05-01 15:34:28.004173
3203;19;2024-05-01 15:34:28.116171
3204;1111;2024-05-01 15:34:28.131171
3205;11053;2024-05-01 15:34:28.132172
3206;41.2;2024-05-01 15:34:28.132172
3207;244.66098994322735;2024-05-01 15:34:28.133173
3208;-2.204277821047629;2024-05-01 15:34:28.133173
3209;77.4;2024-05-01 15:34:28.134171
