"idDadosSensor";"registro";"dtColeta";"fkSensor";"modelo";"unidadeMedida";"fkVeiculo"
374755;16138.0;"2024-03-18 21:15:15";1109;MQ-135;ppm;556
374754;79.0;"2024-03-18 21:15:15";1108;MQ-2;ppm;556
374753;15148.0;"2024-03-18 21:15:15";1107;MQ-7;ppm;556
374752;16125.0;"2024-03-18 21:15:15";1109;MQ-135;ppm;556
374751;71.0;"2024-03-18 21:15:15";1108;MQ-2;ppm;556
374750;15120.0;"2024-03-18 21:15:15";1107;MQ-7;ppm;556
374749;16140.0;"2024-03-18 21:15:15";1109;MQ-135;ppm;556
374748;75.0;"2024-03-18 21:15:15";1108;MQ-2;ppm;556
374747;15151.0;"2024-03-18 21:15:15";1107;MQ-7;ppm;556
374746;16146.0;"2024-03-18 21:15:15";1109;MQ-135;ppm;556
374745;71.0;"2024-03-18 21:15:15";1108;MQ-2;ppm;556
374744;15159.0;"2024-03-18 21:15:15";1107;MQ-7;ppm;556
374743;16104.0;"2024-03-18 21:15:15";1109;MQ-135;ppm;556
374742;73.0;"2024-03-18 21:15:15";1108;MQ-2;ppm;556
374741;15144.0;"2024-03-18 21:15:15";1107;MQ-7;ppm;556
374740;16152.0;"2024-03-18 21:15:15";1109;MQ-135;ppm;556
374739;71.0;"2024-03-18 21:15:15";1108;MQ-2;ppm;556
374738;15120.0;"2024-03-18 21:15:15";1107;MQ-7;ppm;556
374737;16132.0;"2024-03-18 21:15:15";1109;MQ-135;ppm;556
374736;74.0;"2024-03-18 21:15:15";1108;MQ-2;ppm;556
374735;15150.0;"2024-03-18 21:15:15";1107;MQ-7;ppm;556
374734;16132.0;"2024-03-18 21:15:15";1109;MQ-135;ppm;556
374733;81.0;"2024-03-18 21:15:15";1108;MQ-2;ppm;556
374732;15137.0;"2024-03-18 21:15:15";1107;MQ-7;ppm;556
374731;16096.0;"2024-03-18 21:15:15";1109;MQ-135;ppm;556
374730;79.0;"2024-03-18 21:15:15";1108;MQ-2;ppm;556
374729;15157.0;"2024-03-18 21:15:14";1107;MQ-7;ppm;556
374728;16135.0;"2024-03-18 21:15:14";1109;MQ-135;ppm;556
374727;80.0;"2024-03-18 21:15:14";1108;MQ-2;ppm;556
374726;15126.0;"2024-03-18 21:15:14";1107;MQ-7;ppm;556
374725;16092.0;"2024-03-18 21:15:14";1109;MQ-135;ppm;556
374724;71.0;"2024-03-18 21:15:14";1108;MQ-2;ppm;556
374723;15116.0;"2024-03-18 21:15:14";1107;MQ-7;ppm;556
374722;16131.0;"2024-03-18 21:15:14";1109;MQ-135;ppm;556
374721;77.0;"2024-03-18 21:15:14";1108;MQ-2;ppm;556
374720;15154.0;"2024-03-18 21:15:14";1107;MQ-7;ppm;556
374719;16099.0;"2024-03-18 21:15:14";1109;MQ-135;ppm;556
374718;71.0;"2024-03-18 21:15:14";1108;MQ-2;ppm;556
374717;15109.0;"2024-03-18 21:15:14";1107;MQ-7;ppm;556
374716;16109.0;"2024-03-18 21:15:14";1109;MQ-135;ppm;556
374715;71.0;"2024-03-18 21:15:14";1108;MQ-2;ppm;556
374714;15133.0;"2024-03-18 21:15:14";1107;MQ-7;ppm;556
374713;16132.0;"2024-03-18 21:15:14";1109;MQ-135;ppm;556
374712;81.0;"2024-03-18 21:15:14";1108;MQ-2;ppm;556
374711;15096.0;"2024-03-18 21:15:14";1107;MQ-7;ppm;556
374710;16103.0;"2024-03-18 21:15:14";1109;MQ-135;ppm;556
374709;79.0;"2024-03-18 21:15:14";1108;MQ-2;ppm;556
374708;15131.0;"2024-03-18 21:15:14";1107;MQ-7;ppm;556
374707;16103.0;"2024-03-18 21:15:14";1109;MQ-135;ppm;556
374706;71.0;"2024-03-18 21:15:14";1108;MQ-2;ppm;556
374705;15133.0;"2024-03-18 21:15:14";1107;MQ-7;ppm;556
374704;16132.0;"2024-03-18 21:15:14";1109;MQ-135;ppm;556
374703;78.0;"2024-03-18 21:15:14";1108;MQ-2;ppm;556
374702;15146.0;"2024-03-18 21:15:14";1107;MQ-7;ppm;556
374701;16155.0;"2024-03-18 21:15:14";1109;MQ-135;ppm;556
374700;80.0;"2024-03-18 21:15:14";1108;MQ-2;ppm;556
374699;15144.0;"2024-03-18 21:15:14";1107;MQ-7;ppm;556
374698;16139.0;"2024-03-18 21:15:14";1109;MQ-135;ppm;556
374697;79.0;"2024-03-18 21:15:14";1108;MQ-2;ppm;556
374696;15152.0;"2024-03-18 21:15:14";1107;MQ-7;ppm;556
374695;16108.0;"2024-03-18 21:15:14";1109;MQ-135;ppm;556
374694;80.0;"2024-03-18 21:15:14";1108;MQ-2;ppm;556
374693;15159.0;"2024-03-18 21:15:14";1107;MQ-7;ppm;556
374692;16128.0;"2024-03-18 21:15:14";1109;MQ-135;ppm;556
374691;74.0;"2024-03-18 21:15:14";1108;MQ-2;ppm;556
374690;15122.0;"2024-03-18 21:15:14";1107;MQ-7;ppm;556
374689;16146.0;"2024-03-18 21:15:14";1109;MQ-135;ppm;556
374688;80.0;"2024-03-18 21:15:14";1108;MQ-2;ppm;556
374687;15145.0;"2024-03-18 21:15:14";1107;MQ-7;ppm;556
374686;16116.0;"2024-03-18 21:15:14";1109;MQ-135;ppm;556
374685;78.0;"2024-03-18 21:15:14";1108;MQ-2;ppm;556
374684;15159.0;"2024-03-18 21:15:14";1107;MQ-7;ppm;556
374683;16119.0;"2024-03-18 21:15:14";1109;MQ-135;ppm;556
374682;75.0;"2024-03-18 21:15:14";1108;MQ-2;ppm;556
374681;15151.0;"2024-03-18 21:15:14";1107;MQ-7;ppm;556
374680;16144.0;"2024-03-18 21:15:14";1109;MQ-135;ppm;556
374679;78.0;"2024-03-18 21:15:14";1108;MQ-2;ppm;556
374678;15139.0;"2024-03-18 21:15:14";1107;MQ-7;ppm;556
374677;16089.0;"2024-03-18 21:15:14";1109;MQ-135;ppm;556
374676;77.0;"2024-03-18 21:15:14";1108;MQ-2;ppm;556
374675;15114.0;"2024-03-18 21:15:14";1107;MQ-7;ppm;556
374674;16106.0;"2024-03-18 21:15:14";1109;MQ-135;ppm;556
374673;80.0;"2024-03-18 21:15:14";1108;MQ-2;ppm;556
374672;15158.0;"2024-03-18 21:15:14";1107;MQ-7;ppm;556
374671;16154.0;"2024-03-18 21:15:14";1109;MQ-135;ppm;556
374670;75.0;"2024-03-18 21:15:14";1108;MQ-2;ppm;556
374669;15094.0;"2024-03-18 21:15:14";1107;MQ-7;ppm;556
374668;16148.0;"2024-03-18 21:15:14";1109;MQ-135;ppm;556
374667;75.0;"2024-03-18 21:15:14";1108;MQ-2;ppm;556
374666;15120.0;"2024-03-18 21:15:14";1107;MQ-7;ppm;556
374665;16113.0;"2024-03-18 21:15:14";1109;MQ-135;ppm;556
374664;73.0;"2024-03-18 21:15:14";1108;MQ-2;ppm;556
374663;15109.0;"2024-03-18 21:15:14";1107;MQ-7;ppm;556
374662;16123.0;"2024-03-18 21:15:14";1109;MQ-135;ppm;556
374661;78.0;"2024-03-18 21:15:14";1108;MQ-2;ppm;556
374660;15113.0;"2024-03-18 21:15:14";1107;MQ-7;ppm;556
374659;16119.0;"2024-03-18 21:15:14";1109;MQ-135;ppm;556
374658;75.0;"2024-03-18 21:15:14";1108;MQ-2;ppm;556
374657;15110.0;"2024-03-18 21:15:14";1107;MQ-7;ppm;556
374656;16114.0;"2024-03-18 21:15:14";1109;MQ-135;ppm;556
374655;75.0;"2024-03-18 21:15:14";1108;MQ-2;ppm;556
374654;15120.0;"2024-03-18 21:15:14";1107;MQ-7;ppm;556
374653;16132.0;"2024-03-18 21:15:14";1109;MQ-135;ppm;556
374652;78.0;"2024-03-18 21:15:14";1108;MQ-2;ppm;556
374651;15127.0;"2024-03-18 21:15:14";1107;MQ-7;ppm;556
374650;16120.0;"2024-03-18 21:15:14";1109;MQ-135;ppm;556
374649;73.0;"2024-03-18 21:15:14";1108;MQ-2;ppm;556
374648;15141.0;"2024-03-18 21:15:14";1107;MQ-7;ppm;556
374647;16150.0;"2024-03-18 21:15:14";1109;MQ-135;ppm;556
374646;73.0;"2024-03-18 21:15:14";1108;MQ-2;ppm;556
374645;15138.0;"2024-03-18 21:15:14";1107;MQ-7;ppm;556
374644;16102.0;"2024-03-18 21:15:14";1109;MQ-135;ppm;556
374643;73.0;"2024-03-18 21:15:14";1108;MQ-2;ppm;556
374642;15120.0;"2024-03-18 21:15:14";1107;MQ-7;ppm;556
374641;16123.0;"2024-03-18 21:15:14";1109;MQ-135;ppm;556
374640;78.0;"2024-03-18 21:15:14";1108;MQ-2;ppm;556
374639;15146.0;"2024-03-18 21:15:14";1107;MQ-7;ppm;556
374638;16151.0;"2024-03-18 21:15:13";1109;MQ-135;ppm;556
374637;75.0;"2024-03-18 21:15:13";1108;MQ-2;ppm;556
374636;15134.0;"2024-03-18 21:15:13";1107;MQ-7;ppm;556
374635;16097.0;"2024-03-18 21:15:13";1109;MQ-135;ppm;556
374634;79.0;"2024-03-18 21:15:13";1108;MQ-2;ppm;556
374633;15127.0;"2024-03-18 21:15:13";1107;MQ-7;ppm;556
374632;16101.0;"2024-03-18 21:15:13";1109;MQ-135;ppm;556
374631;77.0;"2024-03-18 21:15:13";1108;MQ-2;ppm;556
374630;15108.0;"2024-03-18 21:15:13";1107;MQ-7;ppm;556
374629;16092.0;"2024-03-18 21:15:13";1109;MQ-135;ppm;556
374628;75.0;"2024-03-18 21:15:13";1108;MQ-2;ppm;556
374627;15107.0;"2024-03-18 21:15:13";1107;MQ-7;ppm;556
374626;16156.0;"2024-03-18 21:15:13";1109;MQ-135;ppm;556
374625;74.0;"2024-03-18 21:15:13";1108;MQ-2;ppm;556
374624;15117.0;"2024-03-18 21:15:13";1107;MQ-7;ppm;556
374623;16104.0;"2024-03-18 21:15:13";1109;MQ-135;ppm;556
374622;72.0;"2024-03-18 21:15:13";1108;MQ-2;ppm;556
374621;15108.0;"2024-03-18 21:15:13";1107;MQ-7;ppm;556
374620;16146.0;"2024-03-18 21:15:13";1109;MQ-135;ppm;556
374619;72.0;"2024-03-18 21:15:13";1108;MQ-2;ppm;556
374618;15124.0;"2024-03-18 21:15:13";1107;MQ-7;ppm;556
374617;16090.0;"2024-03-18 21:15:13";1109;MQ-135;ppm;556
374616;75.0;"2024-03-18 21:15:13";1108;MQ-2;ppm;556
374615;15120.0;"2024-03-18 21:15:13";1107;MQ-7;ppm;556
374614;16119.0;"2024-03-18 21:15:13";1109;MQ-135;ppm;556
374613;73.0;"2024-03-18 21:15:13";1108;MQ-2;ppm;556
374612;15110.0;"2024-03-18 21:15:13";1107;MQ-7;ppm;556
374611;16127.0;"2024-03-18 21:15:13";1109;MQ-135;ppm;556
374610;77.0;"2024-03-18 21:15:13";1108;MQ-2;ppm;556
374609;15144.0;"2024-03-18 21:15:13";1107;MQ-7;ppm;556
374608;16103.0;"2024-03-18 21:15:13";1109;MQ-135;ppm;556
374607;81.0;"2024-03-18 21:15:13";1108;MQ-2;ppm;556
374606;15153.0;"2024-03-18 21:15:13";1107;MQ-7;ppm;556
374605;16134.0;"2024-03-18 21:15:13";1109;MQ-135;ppm;556
374604;78.0;"2024-03-18 21:15:13";1108;MQ-2;ppm;556
374603;15110.0;"2024-03-18 21:15:13";1107;MQ-7;ppm;556
374602;16143.0;"2024-03-18 21:15:13";1109;MQ-135;ppm;556
374601;75.0;"2024-03-18 21:15:13";1108;MQ-2;ppm;556
374600;15142.0;"2024-03-18 21:15:13";1107;MQ-7;ppm;556
374599;16152.0;"2024-03-18 21:15:13";1109;MQ-135;ppm;556
374598;77.0;"2024-03-18 21:15:13";1108;MQ-2;ppm;556
374597;15134.0;"2024-03-18 21:15:13";1107;MQ-7;ppm;556
374596;16100.0;"2024-03-18 21:15:13";1109;MQ-135;ppm;556
374595;75.0;"2024-03-18 21:15:13";1108;MQ-2;ppm;556
374594;15119.0;"2024-03-18 21:15:13";1107;MQ-7;ppm;556
374593;16095.0;"2024-03-18 21:15:13";1109;MQ-135;ppm;556
374592;80.0;"2024-03-18 21:15:13";1108;MQ-2;ppm;556
374591;15117.0;"2024-03-18 21:15:13";1107;MQ-7;ppm;556
374590;16116.0;"2024-03-18 21:15:13";1109;MQ-135;ppm;556
374589;79.0;"2024-03-18 21:15:13";1108;MQ-2;ppm;556
374588;15095.0;"2024-03-18 21:15:13";1107;MQ-7;ppm;556
374587;16134.0;"2024-03-18 21:15:13";1109;MQ-135;ppm;556
374586;73.0;"2024-03-18 21:15:13";1108;MQ-2;ppm;556
374585;15106.0;"2024-03-18 21:15:13";1107;MQ-7;ppm;556
374584;16124.0;"2024-03-18 21:15:13";1109;MQ-135;ppm;556
374583;79.0;"2024-03-18 21:15:13";1108;MQ-2;ppm;556
374582;15141.0;"2024-03-18 21:15:13";1107;MQ-7;ppm;556
374581;16134.0;"2024-03-18 21:15:13";1109;MQ-135;ppm;556
374580;81.0;"2024-03-18 21:15:13";1108;MQ-2;ppm;556
374579;15099.0;"2024-03-18 21:15:13";1107;MQ-7;ppm;556
374578;16117.0;"2024-03-18 21:15:13";1109;MQ-135;ppm;556
374577;81.0;"2024-03-18 21:15:13";1108;MQ-2;ppm;556
374576;15131.0;"2024-03-18 21:15:13";1107;MQ-7;ppm;556
374575;16144.0;"2024-03-18 21:15:13";1109;MQ-135;ppm;556
374574;71.0;"2024-03-18 21:15:13";1108;MQ-2;ppm;556
374573;15133.0;"2024-03-18 21:15:13";1107;MQ-7;ppm;556
374572;16140.0;"2024-03-18 21:15:13";1109;MQ-135;ppm;556
374571;77.0;"2024-03-18 21:15:13";1108;MQ-2;ppm;556
374570;15094.0;"2024-03-18 21:15:13";1107;MQ-7;ppm;556
374569;16097.0;"2024-03-18 21:15:13";1109;MQ-135;ppm;556
374568;81.0;"2024-03-18 21:15:13";1108;MQ-2;ppm;556
374567;15106.0;"2024-03-18 21:15:13";1107;MQ-7;ppm;556
374566;16129.0;"2024-03-18 21:15:13";1109;MQ-135;ppm;556
374565;80.0;"2024-03-18 21:15:13";1108;MQ-2;ppm;556
374564;15155.0;"2024-03-18 21:15:13";1107;MQ-7;ppm;556
374563;16149.0;"2024-03-18 21:15:13";1109;MQ-135;ppm;556
374562;80.0;"2024-03-18 21:15:13";1108;MQ-2;ppm;556
374561;15130.0;"2024-03-18 21:15:13";1107;MQ-7;ppm;556
374560;16138.0;"2024-03-18 21:15:13";1109;MQ-135;ppm;556
374559;72.0;"2024-03-18 21:15:13";1108;MQ-2;ppm;556
374558;15140.0;"2024-03-18 21:15:13";1107;MQ-7;ppm;556
374557;16145.0;"2024-03-18 21:15:13";1109;MQ-135;ppm;556
374556;80.0;"2024-03-18 21:15:13";1108;MQ-2;ppm;556
374555;15098.0;"2024-03-18 21:15:13";1107;MQ-7;ppm;556
374554;16109.0;"2024-03-18 21:15:13";1109;MQ-135;ppm;556
374553;74.0;"2024-03-18 21:15:13";1108;MQ-2;ppm;556
374552;15101.0;"2024-03-18 21:15:13";1107;MQ-7;ppm;556
374551;16152.0;"2024-03-18 21:15:13";1109;MQ-135;ppm;556
374550;71.0;"2024-03-18 21:15:13";1108;MQ-2;ppm;556
374549;15104.0;"2024-03-18 21:15:13";1107;MQ-7;ppm;556
374548;16115.0;"2024-03-18 21:15:13";1109;MQ-135;ppm;556
374547;75.0;"2024-03-18 21:15:13";1108;MQ-2;ppm;556
374546;15153.0;"2024-03-18 21:15:12";1107;MQ-7;ppm;556
374545;16107.0;"2024-03-18 21:15:12";1109;MQ-135;ppm;556
374544;73.0;"2024-03-18 21:15:12";1108;MQ-2;ppm;556
374543;15128.0;"2024-03-18 21:15:12";1107;MQ-7;ppm;556
374542;16119.0;"2024-03-18 21:15:12";1109;MQ-135;ppm;556
374541;72.0;"2024-03-18 21:15:12";1108;MQ-2;ppm;556
374540;15151.0;"2024-03-18 21:15:12";1107;MQ-7;ppm;556
374539;16125.0;"2024-03-18 21:15:12";1109;MQ-135;ppm;556
374538;74.0;"2024-03-18 21:15:12";1108;MQ-2;ppm;556
374537;15113.0;"2024-03-18 21:15:12";1107;MQ-7;ppm;556
374536;16089.0;"2024-03-18 21:15:12";1109;MQ-135;ppm;556
374535;80.0;"2024-03-18 21:15:12";1108;MQ-2;ppm;556
374534;15127.0;"2024-03-18 21:15:12";1107;MQ-7;ppm;556
374533;16120.0;"2024-03-18 21:15:12";1109;MQ-135;ppm;556
374532;78.0;"2024-03-18 21:15:12";1108;MQ-2;ppm;556
374531;15158.0;"2024-03-18 21:15:12";1107;MQ-7;ppm;556
374530;16143.0;"2024-03-18 21:15:12";1109;MQ-135;ppm;556
374529;80.0;"2024-03-18 21:15:12";1108;MQ-2;ppm;556
374528;15122.0;"2024-03-18 21:15:12";1107;MQ-7;ppm;556
374527;16151.0;"2024-03-18 21:15:12";1109;MQ-135;ppm;556
374526;73.0;"2024-03-18 21:15:12";1108;MQ-2;ppm;556
374525;15116.0;"2024-03-18 21:15:12";1107;MQ-7;ppm;556
374524;16100.0;"2024-03-18 21:15:12";1109;MQ-135;ppm;556
374523;72.0;"2024-03-18 21:15:12";1108;MQ-2;ppm;556
374522;15156.0;"2024-03-18 21:15:12";1107;MQ-7;ppm;556
374521;16105.0;"2024-03-18 21:15:12";1109;MQ-135;ppm;556
374520;78.0;"2024-03-18 21:15:12";1108;MQ-2;ppm;556
374519;15136.0;"2024-03-18 21:15:12";1107;MQ-7;ppm;556
374518;16110.0;"2024-03-18 21:15:12";1109;MQ-135;ppm;556
374517;73.0;"2024-03-18 21:15:12";1108;MQ-2;ppm;556
374516;15160.0;"2024-03-18 21:15:12";1107;MQ-7;ppm;556
374515;16497.0;"2024-03-18 21:15:12";1109;MQ-135;ppm;556
374514;93.0;"2024-03-18 21:15:12";1108;MQ-2;ppm;556
374513;15493.0;"2024-03-18 21:15:12";1107;MQ-7;ppm;556
374512;16472.0;"2024-03-18 21:15:12";1109;MQ-135;ppm;556
374511;90.0;"2024-03-18 21:15:12";1108;MQ-2;ppm;556
374510;15497.0;"2024-03-18 21:15:12";1107;MQ-7;ppm;556
374509;16607.0;"2024-03-18 21:15:12";1109;MQ-135;ppm;556
374508;94.0;"2024-03-18 21:15:12";1108;MQ-2;ppm;556
374507;15607.0;"2024-03-18 21:15:12";1107;MQ-7;ppm;556
374506;16518.0;"2024-03-18 21:15:12";1109;MQ-135;ppm;556
374505;91.0;"2024-03-18 21:15:12";1108;MQ-2;ppm;556
374504;15573.0;"2024-03-18 21:15:12";1107;MQ-7;ppm;556
374503;16484.0;"2024-03-18 21:15:12";1109;MQ-135;ppm;556
374502;88.0;"2024-03-18 21:15:12";1108;MQ-2;ppm;556
374501;15501.0;"2024-03-18 21:15:12";1107;MQ-7;ppm;556
374500;16507.0;"2024-03-18 21:15:12";1109;MQ-135;ppm;556
374499;92.0;"2024-03-18 21:15:12";1108;MQ-2;ppm;556
374498;15611.0;"2024-03-18 21:15:12";1107;MQ-7;ppm;556
374497;16603.0;"2024-03-18 21:15:12";1109;MQ-135;ppm;556
374496;96.0;"2024-03-18 21:15:12";1108;MQ-2;ppm;556
374495;15505.0;"2024-03-18 21:15:12";1107;MQ-7;ppm;556
374494;16576.0;"2024-03-18 21:15:12";1109;MQ-135;ppm;556
374493;94.0;"2024-03-18 21:15:12";1108;MQ-2;ppm;556
374492;15597.0;"2024-03-18 21:15:12";1107;MQ-7;ppm;556
374491;16585.0;"2024-03-18 21:15:12";1109;MQ-135;ppm;556
374490;92.0;"2024-03-18 21:15:12";1108;MQ-2;ppm;556
374489;15573.0;"2024-03-18 21:15:12";1107;MQ-7;ppm;556
374488;16527.0;"2024-03-18 21:15:11";1109;MQ-135;ppm;556
374487;94.0;"2024-03-18 21:15:11";1108;MQ-2;ppm;556
374486;15524.0;"2024-03-18 21:15:11";1107;MQ-7;ppm;556
374485;16499.0;"2024-03-18 21:15:11";1109;MQ-135;ppm;556
374484;89.0;"2024-03-18 21:15:11";1108;MQ-2;ppm;556
374483;15581.0;"2024-03-18 21:15:11";1107;MQ-7;ppm;556
374482;16598.0;"2024-03-18 21:15:11";1109;MQ-135;ppm;556
374481;92.0;"2024-03-18 21:15:11";1108;MQ-2;ppm;556
374480;15492.0;"2024-03-18 21:15:11";1107;MQ-7;ppm;556
374479;16478.0;"2024-03-18 21:15:11";1109;MQ-135;ppm;556
374478;94.0;"2024-03-18 21:15:11";1108;MQ-2;ppm;556
374477;15479.0;"2024-03-18 21:15:11";1107;MQ-7;ppm;556
374476;16591.0;"2024-03-18 21:15:11";1109;MQ-135;ppm;556
374475;95.0;"2024-03-18 21:15:11";1108;MQ-2;ppm;556
374474;15609.0;"2024-03-18 21:15:11";1107;MQ-7;ppm;556
374473;16497.0;"2024-03-18 21:15:11";1109;MQ-135;ppm;556
374472;95.0;"2024-03-18 21:15:11";1108;MQ-2;ppm;556
374471;15558.0;"2024-03-18 21:15:11";1107;MQ-7;ppm;556
374470;16483.0;"2024-03-18 21:15:11";1109;MQ-135;ppm;556
374469;96.0;"2024-03-18 21:15:11";1108;MQ-2;ppm;556
374468;15501.0;"2024-03-18 21:15:11";1107;MQ-7;ppm;556
374467;16602.0;"2024-03-18 21:15:11";1109;MQ-135;ppm;556
374466;86.0;"2024-03-18 21:15:11";1108;MQ-2;ppm;556
374465;15537.0;"2024-03-18 21:15:11";1107;MQ-7;ppm;556
374464;16477.0;"2024-03-18 21:15:11";1109;MQ-135;ppm;556
374463;90.0;"2024-03-18 21:15:11";1108;MQ-2;ppm;556
374462;15586.0;"2024-03-18 21:15:11";1107;MQ-7;ppm;556
374461;16610.0;"2024-03-18 21:15:11";1109;MQ-135;ppm;556
374460;87.0;"2024-03-18 21:15:11";1108;MQ-2;ppm;556
374459;15580.0;"2024-03-18 21:15:11";1107;MQ-7;ppm;556
374458;16546.0;"2024-03-18 21:15:11";1109;MQ-135;ppm;556
374457;94.0;"2024-03-18 21:15:11";1108;MQ-2;ppm;556
374456;15568.0;"2024-03-18 21:15:11";1107;MQ-7;ppm;556
374455;16578.0;"2024-03-18 21:15:11";1109;MQ-135;ppm;556
374454;93.0;"2024-03-18 21:15:11";1108;MQ-2;ppm;556
374453;15475.0;"2024-03-18 21:15:11";1107;MQ-7;ppm;556
374452;16611.0;"2024-03-18 21:15:11";1109;MQ-135;ppm;556
374451;86.0;"2024-03-18 21:15:11";1108;MQ-2;ppm;556
374450;15517.0;"2024-03-18 21:15:11";1107;MQ-7;ppm;556
374449;16575.0;"2024-03-18 21:15:11";1109;MQ-135;ppm;556
374448;86.0;"2024-03-18 21:15:11";1108;MQ-2;ppm;556
374447;15492.0;"2024-03-18 21:15:11";1107;MQ-7;ppm;556
374446;16598.0;"2024-03-18 21:15:11";1109;MQ-135;ppm;556
374445;94.0;"2024-03-18 21:15:11";1108;MQ-2;ppm;556
374444;15557.0;"2024-03-18 21:15:11";1107;MQ-7;ppm;556
374443;16506.0;"2024-03-18 21:15:11";1109;MQ-135;ppm;556
374442;92.0;"2024-03-18 21:15:11";1108;MQ-2;ppm;556
374441;15605.0;"2024-03-18 21:15:11";1107;MQ-7;ppm;556
374440;16606.0;"2024-03-18 21:15:11";1109;MQ-135;ppm;556
374439;96.0;"2024-03-18 21:15:11";1108;MQ-2;ppm;556
374438;15582.0;"2024-03-18 21:15:11";1107;MQ-7;ppm;556
374437;16530.0;"2024-03-18 21:15:11";1109;MQ-135;ppm;556
374436;90.0;"2024-03-18 21:15:11";1108;MQ-2;ppm;556
374435;15574.0;"2024-03-18 21:15:11";1107;MQ-7;ppm;556
374434;16493.0;"2024-03-18 21:15:11";1109;MQ-135;ppm;556
374433;90.0;"2024-03-18 21:15:11";1108;MQ-2;ppm;556
374432;15589.0;"2024-03-18 21:15:11";1107;MQ-7;ppm;556
374431;16474.0;"2024-03-18 21:15:11";1109;MQ-135;ppm;556
374430;94.0;"2024-03-18 21:15:11";1108;MQ-2;ppm;556
374429;15475.0;"2024-03-18 21:15:11";1107;MQ-7;ppm;556
374428;16604.0;"2024-03-18 21:15:11";1109;MQ-135;ppm;556
374427;90.0;"2024-03-18 21:15:11";1108;MQ-2;ppm;556
374426;15598.0;"2024-03-18 21:15:11";1107;MQ-7;ppm;556
374425;16551.0;"2024-03-18 21:15:11";1109;MQ-135;ppm;556
374424;95.0;"2024-03-18 21:15:11";1108;MQ-2;ppm;556
374423;15530.0;"2024-03-18 21:15:11";1107;MQ-7;ppm;556
374422;16621.0;"2024-03-18 21:15:11";1109;MQ-135;ppm;556
374421;94.0;"2024-03-18 21:15:11";1108;MQ-2;ppm;556
374420;15494.0;"2024-03-18 21:15:11";1107;MQ-7;ppm;556
374419;16546.0;"2024-03-18 21:15:11";1109;MQ-135;ppm;556
374418;87.0;"2024-03-18 21:15:11";1108;MQ-2;ppm;556
374417;15493.0;"2024-03-18 21:15:11";1107;MQ-7;ppm;556
374416;16581.0;"2024-03-18 21:15:11";1109;MQ-135;ppm;556
374415;92.0;"2024-03-18 21:15:11";1108;MQ-2;ppm;556
374414;15569.0;"2024-03-18 21:15:11";1107;MQ-7;ppm;556
374413;16602.0;"2024-03-18 21:15:11";1109;MQ-135;ppm;556
374412;94.0;"2024-03-18 21:15:11";1108;MQ-2;ppm;556
374411;15522.0;"2024-03-18 21:15:11";1107;MQ-7;ppm;556
374410;16594.0;"2024-03-18 21:15:11";1109;MQ-135;ppm;556
374409;94.0;"2024-03-18 21:15:11";1108;MQ-2;ppm;556
374408;15598.0;"2024-03-18 21:15:11";1107;MQ-7;ppm;556
374407;16107.0;"2024-03-18 21:15:11";1109;MQ-135;ppm;556
374406;79.0;"2024-03-18 21:15:11";1108;MQ-2;ppm;556
374405;15148.0;"2024-03-18 21:15:11";1107;MQ-7;ppm;556
374404;16135.0;"2024-03-18 21:15:11";1109;MQ-135;ppm;556
374403;75.0;"2024-03-18 21:15:11";1108;MQ-2;ppm;556
374402;15154.0;"2024-03-18 21:15:10";1107;MQ-7;ppm;556
374401;16141.0;"2024-03-18 21:15:10";1109;MQ-135;ppm;556
374400;73.0;"2024-03-18 21:15:10";1108;MQ-2;ppm;556
374399;15148.0;"2024-03-18 21:15:10";1107;MQ-7;ppm;556
374398;16150.0;"2024-03-18 21:15:10";1109;MQ-135;ppm;556
374397;74.0;"2024-03-18 21:15:10";1108;MQ-2;ppm;556
374396;15157.0;"2024-03-18 21:15:10";1107;MQ-7;ppm;556
374395;16108.0;"2024-03-18 21:15:10";1109;MQ-135;ppm;556
374394;75.0;"2024-03-18 21:15:10";1108;MQ-2;ppm;556
374393;15093.0;"2024-03-18 21:15:10";1107;MQ-7;ppm;556
374392;16136.0;"2024-03-18 21:15:10";1109;MQ-135;ppm;556
374391;75.0;"2024-03-18 21:15:10";1108;MQ-2;ppm;556
374390;15105.0;"2024-03-18 21:15:10";1107;MQ-7;ppm;556
374389;16103.0;"2024-03-18 21:15:10";1109;MQ-135;ppm;556
374388;72.0;"2024-03-18 21:15:10";1108;MQ-2;ppm;556
374387;15138.0;"2024-03-18 21:15:10";1107;MQ-7;ppm;556
374386;16093.0;"2024-03-18 21:15:10";1109;MQ-135;ppm;556
374385;71.0;"2024-03-18 21:15:10";1108;MQ-2;ppm;556
374384;15133.0;"2024-03-18 21:15:10";1107;MQ-7;ppm;556
374383;16111.0;"2024-03-18 21:15:10";1109;MQ-135;ppm;556
374382;80.0;"2024-03-18 21:15:10";1108;MQ-2;ppm;556
374381;15152.0;"2024-03-18 21:15:10";1107;MQ-7;ppm;556
374380;16136.0;"2024-03-18 21:15:10";1109;MQ-135;ppm;556
374379;78.0;"2024-03-18 21:15:10";1108;MQ-2;ppm;556
374378;15104.0;"2024-03-18 21:15:10";1107;MQ-7;ppm;556
374377;16108.0;"2024-03-18 21:15:10";1109;MQ-135;ppm;556
374376;75.0;"2024-03-18 21:15:10";1108;MQ-2;ppm;556
374375;15130.0;"2024-03-18 21:15:10";1107;MQ-7;ppm;556
374374;16107.0;"2024-03-18 21:15:10";1109;MQ-135;ppm;556
374373;77.0;"2024-03-18 21:15:10";1108;MQ-2;ppm;556
374372;15115.0;"2024-03-18 21:15:10";1107;MQ-7;ppm;556
374371;16097.0;"2024-03-18 21:15:10";1109;MQ-135;ppm;556
374370;74.0;"2024-03-18 21:15:10";1108;MQ-2;ppm;556
374369;15099.0;"2024-03-18 21:15:10";1107;MQ-7;ppm;556
374368;16148.0;"2024-03-18 21:15:10";1109;MQ-135;ppm;556
374367;79.0;"2024-03-18 21:15:10";1108;MQ-2;ppm;556
374366;15153.0;"2024-03-18 21:15:10";1107;MQ-7;ppm;556
374365;16111.0;"2024-03-18 21:15:10";1109;MQ-135;ppm;556
374364;81.0;"2024-03-18 21:15:10";1108;MQ-2;ppm;556
374363;15130.0;"2024-03-18 21:15:10";1107;MQ-7;ppm;556
374362;16136.0;"2024-03-18 21:15:10";1109;MQ-135;ppm;556
374361;71.0;"2024-03-18 21:15:10";1108;MQ-2;ppm;556
374360;15153.0;"2024-03-18 21:15:10";1107;MQ-7;ppm;556
374359;16112.0;"2024-03-18 21:15:10";1109;MQ-135;ppm;556
374358;78.0;"2024-03-18 21:15:10";1108;MQ-2;ppm;556
374357;15115.0;"2024-03-18 21:15:10";1107;MQ-7;ppm;556
374356;16137.0;"2024-03-18 21:15:10";1109;MQ-135;ppm;556
374355;77.0;"2024-03-18 21:15:10";1108;MQ-2;ppm;556
374354;15141.0;"2024-03-18 21:15:10";1107;MQ-7;ppm;556
374353;16132.0;"2024-03-18 21:15:10";1109;MQ-135;ppm;556
374352;75.0;"2024-03-18 21:15:10";1108;MQ-2;ppm;556
374351;15145.0;"2024-03-18 21:15:10";1107;MQ-7;ppm;556
374350;16123.0;"2024-03-18 21:15:10";1109;MQ-135;ppm;556
374349;73.0;"2024-03-18 21:15:10";1108;MQ-2;ppm;556
374348;15140.0;"2024-03-18 21:15:10";1107;MQ-7;ppm;556
374347;16127.0;"2024-03-18 21:15:10";1109;MQ-135;ppm;556
374346;77.0;"2024-03-18 21:15:10";1108;MQ-2;ppm;556
374345;15158.0;"2024-03-18 21:15:10";1107;MQ-7;ppm;556
374344;16090.0;"2024-03-18 21:15:10";1109;MQ-135;ppm;556
374343;71.0;"2024-03-18 21:15:10";1108;MQ-2;ppm;556
374342;15105.0;"2024-03-18 21:15:10";1107;MQ-7;ppm;556
374341;16152.0;"2024-03-18 21:15:10";1109;MQ-135;ppm;556
374340;81.0;"2024-03-18 21:15:10";1108;MQ-2;ppm;556
374339;15106.0;"2024-03-18 21:15:10";1107;MQ-7;ppm;556
374338;16150.0;"2024-03-18 21:15:10";1109;MQ-135;ppm;556
374337;78.0;"2024-03-18 21:15:10";1108;MQ-2;ppm;556
374336;15141.0;"2024-03-18 21:15:10";1107;MQ-7;ppm;556
374335;16133.0;"2024-03-18 21:15:10";1109;MQ-135;ppm;556
374334;81.0;"2024-03-18 21:15:10";1108;MQ-2;ppm;556
374333;15115.0;"2024-03-18 21:15:10";1107;MQ-7;ppm;556
374332;16125.0;"2024-03-18 21:15:10";1109;MQ-135;ppm;556
374331;75.0;"2024-03-18 21:15:10";1108;MQ-2;ppm;556
374330;15116.0;"2024-03-18 21:15:10";1107;MQ-7;ppm;556
374329;16128.0;"2024-03-18 21:15:10";1109;MQ-135;ppm;556
374328;74.0;"2024-03-18 21:15:09";1108;MQ-2;ppm;556
374327;15150.0;"2024-03-18 21:15:09";1107;MQ-7;ppm;556
374326;16130.0;"2024-03-18 21:15:09";1109;MQ-135;ppm;556
374325;72.0;"2024-03-18 21:15:09";1108;MQ-2;ppm;556
374324;15136.0;"2024-03-18 21:15:09";1107;MQ-7;ppm;556
374323;16108.0;"2024-03-18 21:15:09";1109;MQ-135;ppm;556
374322;71.0;"2024-03-18 21:15:09";1108;MQ-2;ppm;556
374321;15130.0;"2024-03-18 21:15:09";1107;MQ-7;ppm;556
374320;16104.0;"2024-03-18 21:15:09";1109;MQ-135;ppm;556
374319;74.0;"2024-03-18 21:15:09";1108;MQ-2;ppm;556
374318;15110.0;"2024-03-18 21:15:09";1107;MQ-7;ppm;556
374317;16112.0;"2024-03-18 21:15:09";1109;MQ-135;ppm;556
374316;78.0;"2024-03-18 21:15:09";1108;MQ-2;ppm;556
374315;15153.0;"2024-03-18 21:15:09";1107;MQ-7;ppm;556
374314;16117.0;"2024-03-18 21:15:09";1109;MQ-135;ppm;556
374313;81.0;"2024-03-18 21:15:09";1108;MQ-2;ppm;556
374312;15151.0;"2024-03-18 21:15:09";1107;MQ-7;ppm;556
374311;16153.0;"2024-03-18 21:15:09";1109;MQ-135;ppm;556
374310;72.0;"2024-03-18 21:15:09";1108;MQ-2;ppm;556
374309;15154.0;"2024-03-18 21:15:09";1107;MQ-7;ppm;556
374308;16088.0;"2024-03-18 21:15:09";1109;MQ-135;ppm;556
374307;78.0;"2024-03-18 21:15:09";1108;MQ-2;ppm;556
374306;15099.0;"2024-03-18 21:15:09";1107;MQ-7;ppm;556
374305;16129.0;"2024-03-18 21:15:09";1109;MQ-135;ppm;556
374304;77.0;"2024-03-18 21:15:09";1108;MQ-2;ppm;556
374303;15128.0;"2024-03-18 21:15:09";1107;MQ-7;ppm;556
374302;16154.0;"2024-03-18 21:15:09";1109;MQ-135;ppm;556
374301;71.0;"2024-03-18 21:15:09";1108;MQ-2;ppm;556
374300;15157.0;"2024-03-18 21:15:09";1107;MQ-7;ppm;556
374299;16089.0;"2024-03-18 21:15:09";1109;MQ-135;ppm;556
374298;77.0;"2024-03-18 21:15:09";1108;MQ-2;ppm;556
374297;15131.0;"2024-03-18 21:15:09";1107;MQ-7;ppm;556
374296;16089.0;"2024-03-18 21:15:09";1109;MQ-135;ppm;556
374295;71.0;"2024-03-18 21:15:09";1108;MQ-2;ppm;556
374294;15139.0;"2024-03-18 21:15:09";1107;MQ-7;ppm;556
374293;16154.0;"2024-03-18 21:15:09";1109;MQ-135;ppm;556
374292;74.0;"2024-03-18 21:15:09";1108;MQ-2;ppm;556
374291;15119.0;"2024-03-18 21:15:09";1107;MQ-7;ppm;556
374290;16140.0;"2024-03-18 21:15:09";1109;MQ-135;ppm;556
374289;73.0;"2024-03-18 21:15:09";1108;MQ-2;ppm;556
374288;15091.0;"2024-03-18 21:15:09";1107;MQ-7;ppm;556
374287;16137.0;"2024-03-18 21:15:09";1109;MQ-135;ppm;556
374286;73.0;"2024-03-18 21:15:09";1108;MQ-2;ppm;556
374285;15119.0;"2024-03-18 21:15:09";1107;MQ-7;ppm;556
374284;16123.0;"2024-03-18 21:15:09";1109;MQ-135;ppm;556
374283;74.0;"2024-03-18 21:15:09";1108;MQ-2;ppm;556
374282;15104.0;"2024-03-18 21:15:09";1107;MQ-7;ppm;556
374281;16128.0;"2024-03-18 21:15:09";1109;MQ-135;ppm;556
374280;74.0;"2024-03-18 21:15:09";1108;MQ-2;ppm;556
374279;15148.0;"2024-03-18 21:15:09";1107;MQ-7;ppm;556
374278;16089.0;"2024-03-18 21:15:09";1109;MQ-135;ppm;556
374277;71.0;"2024-03-18 21:15:09";1108;MQ-2;ppm;556
374276;15111.0;"2024-03-18 21:15:09";1107;MQ-7;ppm;556
374275;16111.0;"2024-03-18 21:15:09";1109;MQ-135;ppm;556
374274;71.0;"2024-03-18 21:15:09";1108;MQ-2;ppm;556
374273;15159.0;"2024-03-18 21:15:08";1107;MQ-7;ppm;556
374272;16116.0;"2024-03-18 21:15:08";1109;MQ-135;ppm;556
374271;79.0;"2024-03-18 21:15:08";1108;MQ-2;ppm;556
374270;15113.0;"2024-03-18 21:15:08";1107;MQ-7;ppm;556
374269;16148.0;"2024-03-18 21:15:08";1109;MQ-135;ppm;556
374268;71.0;"2024-03-18 21:15:08";1108;MQ-2;ppm;556
374267;15115.0;"2024-03-18 21:15:08";1107;MQ-7;ppm;556
374266;16115.0;"2024-03-18 21:15:08";1109;MQ-135;ppm;556
374265;77.0;"2024-03-18 21:15:08";1108;MQ-2;ppm;556
374264;15104.0;"2024-03-18 21:15:08";1107;MQ-7;ppm;556
374263;16142.0;"2024-03-18 21:15:08";1109;MQ-135;ppm;556
374262;79.0;"2024-03-18 21:15:08";1108;MQ-2;ppm;556
374261;15136.0;"2024-03-18 21:15:08";1107;MQ-7;ppm;556
374260;16095.0;"2024-03-18 21:15:08";1109;MQ-135;ppm;556
374259;77.0;"2024-03-18 21:15:08";1108;MQ-2;ppm;556
374258;15090.0;"2024-03-18 21:15:08";1107;MQ-7;ppm;556
374257;16133.0;"2024-03-18 21:15:08";1109;MQ-135;ppm;556
374256;80.0;"2024-03-18 21:15:08";1108;MQ-2;ppm;556
374255;15149.0;"2024-03-18 21:15:08";1107;MQ-7;ppm;556
374254;16150.0;"2024-03-18 21:15:08";1109;MQ-135;ppm;556
374253;73.0;"2024-03-18 21:15:08";1108;MQ-2;ppm;556
374252;15153.0;"2024-03-18 21:15:08";1107;MQ-7;ppm;556
374251;16127.0;"2024-03-18 21:15:08";1109;MQ-135;ppm;556
374250;77.0;"2024-03-18 21:15:08";1108;MQ-2;ppm;556
374249;15144.0;"2024-03-18 21:15:08";1107;MQ-7;ppm;556
374248;16151.0;"2024-03-18 21:15:08";1109;MQ-135;ppm;556
374247;75.0;"2024-03-18 21:15:08";1108;MQ-2;ppm;556
374246;15117.0;"2024-03-18 21:15:08";1107;MQ-7;ppm;556
374245;16146.0;"2024-03-18 21:15:08";1109;MQ-135;ppm;556
374244;74.0;"2024-03-18 21:15:08";1108;MQ-2;ppm;556
374243;15123.0;"2024-03-18 21:15:08";1107;MQ-7;ppm;556
374242;16124.0;"2024-03-18 21:15:08";1109;MQ-135;ppm;556
374241;78.0;"2024-03-18 21:15:08";1108;MQ-2;ppm;556
374240;15133.0;"2024-03-18 21:15:08";1107;MQ-7;ppm;556
374239;16120.0;"2024-03-18 21:15:08";1109;MQ-135;ppm;556
374238;73.0;"2024-03-18 21:15:08";1108;MQ-2;ppm;556
374237;15136.0;"2024-03-18 21:15:08";1107;MQ-7;ppm;556
374236;16129.0;"2024-03-18 21:15:08";1109;MQ-135;ppm;556
374235;71.0;"2024-03-18 21:15:08";1108;MQ-2;ppm;556
374234;15130.0;"2024-03-18 21:15:08";1107;MQ-7;ppm;556
374233;16556.0;"2024-03-18 21:15:08";1109;MQ-135;ppm;556
374232;95.0;"2024-03-18 21:15:08";1108;MQ-2;ppm;556
374231;15493.0;"2024-03-18 21:15:08";1107;MQ-7;ppm;556
374230;16593.0;"2024-03-18 21:15:08";1109;MQ-135;ppm;556
374229;91.0;"2024-03-18 21:15:08";1108;MQ-2;ppm;556
374228;15480.0;"2024-03-18 21:15:08";1107;MQ-7;ppm;556
374227;16481.0;"2024-03-18 21:15:08";1109;MQ-135;ppm;556
374226;92.0;"2024-03-18 21:15:08";1108;MQ-2;ppm;556
374225;15542.0;"2024-03-18 21:15:08";1107;MQ-7;ppm;556
374224;16486.0;"2024-03-18 21:15:08";1109;MQ-135;ppm;556
374223;92.0;"2024-03-18 21:15:08";1108;MQ-2;ppm;556
374222;15601.0;"2024-03-18 21:15:08";1107;MQ-7;ppm;556
374221;16551.0;"2024-03-18 21:15:08";1109;MQ-135;ppm;556
374220;92.0;"2024-03-18 21:15:08";1108;MQ-2;ppm;556
374219;15491.0;"2024-03-18 21:15:08";1107;MQ-7;ppm;556
374218;16577.0;"2024-03-18 21:15:08";1109;MQ-135;ppm;556
374217;96.0;"2024-03-18 21:15:08";1108;MQ-2;ppm;556
374216;15515.0;"2024-03-18 21:15:08";1107;MQ-7;ppm;556
374215;16489.0;"2024-03-18 21:15:08";1109;MQ-135;ppm;556
374214;86.0;"2024-03-18 21:15:08";1108;MQ-2;ppm;556
374213;15500.0;"2024-03-18 21:15:07";1107;MQ-7;ppm;556
374212;16519.0;"2024-03-18 21:15:07";1109;MQ-135;ppm;556
374211;90.0;"2024-03-18 21:15:07";1108;MQ-2;ppm;556
374210;15554.0;"2024-03-18 21:15:07";1107;MQ-7;ppm;556
374209;16560.0;"2024-03-18 21:15:07";1109;MQ-135;ppm;556
374208;87.0;"2024-03-18 21:15:07";1108;MQ-2;ppm;556
374207;15615.0;"2024-03-18 21:15:07";1107;MQ-7;ppm;556
374206;16563.0;"2024-03-18 21:15:07";1109;MQ-135;ppm;556
374205;96.0;"2024-03-18 21:15:07";1108;MQ-2;ppm;556
374204;15585.0;"2024-03-18 21:15:07";1107;MQ-7;ppm;556
374203;16495.0;"2024-03-18 21:15:07";1109;MQ-135;ppm;556
374202;89.0;"2024-03-18 21:15:07";1108;MQ-2;ppm;556
374201;15500.0;"2024-03-18 21:15:07";1107;MQ-7;ppm;556
374200;16482.0;"2024-03-18 21:15:07";1109;MQ-135;ppm;556
374199;90.0;"2024-03-18 21:15:07";1108;MQ-2;ppm;556
374198;15609.0;"2024-03-18 21:15:07";1107;MQ-7;ppm;556
374197;16539.0;"2024-03-18 21:15:07";1109;MQ-135;ppm;556
374196;95.0;"2024-03-18 21:15:07";1108;MQ-2;ppm;556
374195;15618.0;"2024-03-18 21:15:07";1107;MQ-7;ppm;556
374194;16551.0;"2024-03-18 21:15:07";1109;MQ-135;ppm;556
374193;87.0;"2024-03-18 21:15:07";1108;MQ-2;ppm;556
374192;15475.0;"2024-03-18 21:15:07";1107;MQ-7;ppm;556
374191;16614.0;"2024-03-18 21:15:07";1109;MQ-135;ppm;556
374190;94.0;"2024-03-18 21:15:07";1108;MQ-2;ppm;556
374189;15610.0;"2024-03-18 21:15:07";1107;MQ-7;ppm;556
374188;16491.0;"2024-03-18 21:15:07";1109;MQ-135;ppm;556
374187;96.0;"2024-03-18 21:15:07";1108;MQ-2;ppm;556
374186;15619.0;"2024-03-18 21:15:07";1107;MQ-7;ppm;556
374185;16574.0;"2024-03-18 21:15:07";1109;MQ-135;ppm;556
374184;90.0;"2024-03-18 21:15:07";1108;MQ-2;ppm;556
374183;15536.0;"2024-03-18 21:15:07";1107;MQ-7;ppm;556
374182;16614.0;"2024-03-18 21:15:07";1109;MQ-135;ppm;556
374181;96.0;"2024-03-18 21:15:07";1108;MQ-2;ppm;556
374180;15524.0;"2024-03-18 21:15:07";1107;MQ-7;ppm;556
374179;16546.0;"2024-03-18 21:15:07";1109;MQ-135;ppm;556
374178;86.0;"2024-03-18 21:15:07";1108;MQ-2;ppm;556
374177;15622.0;"2024-03-18 21:15:07";1107;MQ-7;ppm;556
374176;16559.0;"2024-03-18 21:15:07";1109;MQ-135;ppm;556
374175;96.0;"2024-03-18 21:15:07";1108;MQ-2;ppm;556
374174;15617.0;"2024-03-18 21:15:07";1107;MQ-7;ppm;556
374173;16476.0;"2024-03-18 21:15:07";1109;MQ-135;ppm;556
374172;95.0;"2024-03-18 21:15:07";1108;MQ-2;ppm;556
374171;15554.0;"2024-03-18 21:15:07";1107;MQ-7;ppm;556
374170;16522.0;"2024-03-18 21:15:07";1109;MQ-135;ppm;556
374169;86.0;"2024-03-18 21:15:07";1108;MQ-2;ppm;556
374168;15533.0;"2024-03-18 21:15:07";1107;MQ-7;ppm;556
374167;16548.0;"2024-03-18 21:15:07";1109;MQ-135;ppm;556
374166;89.0;"2024-03-18 21:15:07";1108;MQ-2;ppm;556
374165;15496.0;"2024-03-18 21:15:07";1107;MQ-7;ppm;556
374164;16496.0;"2024-03-18 21:15:07";1109;MQ-135;ppm;556
374163;89.0;"2024-03-18 21:15:07";1108;MQ-2;ppm;556
374162;15581.0;"2024-03-18 21:15:07";1107;MQ-7;ppm;556
374161;16500.0;"2024-03-18 21:15:07";1109;MQ-135;ppm;556
374160;89.0;"2024-03-18 21:15:07";1108;MQ-2;ppm;556
374159;15484.0;"2024-03-18 21:15:07";1107;MQ-7;ppm;556
374158;16525.0;"2024-03-18 21:15:07";1109;MQ-135;ppm;556
374157;87.0;"2024-03-18 21:15:07";1108;MQ-2;ppm;556
374156;15520.0;"2024-03-18 21:15:07";1107;MQ-7;ppm;556
374155;16615.0;"2024-03-18 21:15:07";1109;MQ-135;ppm;556
374154;88.0;"2024-03-18 21:15:07";1108;MQ-2;ppm;556
374153;15614.0;"2024-03-18 21:15:07";1107;MQ-7;ppm;556
374152;16498.0;"2024-03-18 21:15:07";1109;MQ-135;ppm;556
374151;96.0;"2024-03-18 21:15:07";1108;MQ-2;ppm;556
374150;15537.0;"2024-03-18 21:15:07";1107;MQ-7;ppm;556
374149;16527.0;"2024-03-18 21:15:07";1109;MQ-135;ppm;556
374148;89.0;"2024-03-18 21:15:07";1108;MQ-2;ppm;556
374147;15542.0;"2024-03-18 21:15:07";1107;MQ-7;ppm;556
374146;16480.0;"2024-03-18 21:15:07";1109;MQ-135;ppm;556
374145;88.0;"2024-03-18 21:15:07";1108;MQ-2;ppm;556
374144;15544.0;"2024-03-18 21:15:07";1107;MQ-7;ppm;556
374143;16472.0;"2024-03-18 21:15:07";1109;MQ-135;ppm;556
374142;90.0;"2024-03-18 21:15:07";1108;MQ-2;ppm;556
374141;15558.0;"2024-03-18 21:15:07";1107;MQ-7;ppm;556
374140;16552.0;"2024-03-18 21:15:07";1109;MQ-135;ppm;556
374139;87.0;"2024-03-18 21:15:07";1108;MQ-2;ppm;556
374138;15486.0;"2024-03-18 21:15:07";1107;MQ-7;ppm;556
374137;16597.0;"2024-03-18 21:15:07";1109;MQ-135;ppm;556
374136;93.0;"2024-03-18 21:15:07";1108;MQ-2;ppm;556
374135;15494.0;"2024-03-18 21:15:06";1107;MQ-7;ppm;556
374134;16533.0;"2024-03-18 21:15:06";1109;MQ-135;ppm;556
374133;89.0;"2024-03-18 21:15:06";1108;MQ-2;ppm;556
374132;15610.0;"2024-03-18 21:15:06";1107;MQ-7;ppm;556
374131;16499.0;"2024-03-18 21:15:06";1109;MQ-135;ppm;556
374130;87.0;"2024-03-18 21:15:06";1108;MQ-2;ppm;556
374129;15505.0;"2024-03-18 21:15:06";1107;MQ-7;ppm;556
374128;16556.0;"2024-03-18 21:15:06";1109;MQ-135;ppm;556
374127;89.0;"2024-03-18 21:15:06";1108;MQ-2;ppm;556
374126;15486.0;"2024-03-18 21:15:06";1107;MQ-7;ppm;556
374125;16134.0;"2024-03-18 21:15:06";1109;MQ-135;ppm;556
374124;79.0;"2024-03-18 21:15:06";1108;MQ-2;ppm;556
374123;15150.0;"2024-03-18 21:15:06";1107;MQ-7;ppm;556
374122;16153.0;"2024-03-18 21:15:06";1109;MQ-135;ppm;556
374121;71.0;"2024-03-18 21:15:06";1108;MQ-2;ppm;556
374120;15136.0;"2024-03-18 21:15:06";1107;MQ-7;ppm;556
374119;16119.0;"2024-03-18 21:15:06";1109;MQ-135;ppm;556
374118;77.0;"2024-03-18 21:15:06";1108;MQ-2;ppm;556
374117;15129.0;"2024-03-18 21:15:06";1107;MQ-7;ppm;556
374116;16106.0;"2024-03-18 21:15:06";1109;MQ-135;ppm;556
374115;77.0;"2024-03-18 21:15:06";1108;MQ-2;ppm;556
374114;15121.0;"2024-03-18 21:15:06";1107;MQ-7;ppm;556
374113;16108.0;"2024-03-18 21:15:06";1109;MQ-135;ppm;556
374112;80.0;"2024-03-18 21:15:06";1108;MQ-2;ppm;556
374111;15141.0;"2024-03-18 21:15:06";1107;MQ-7;ppm;556
374110;16118.0;"2024-03-18 21:15:06";1109;MQ-135;ppm;556
374109;77.0;"2024-03-18 21:15:06";1108;MQ-2;ppm;556
374108;15098.0;"2024-03-18 21:15:06";1107;MQ-7;ppm;556
374107;16119.0;"2024-03-18 21:15:06";1109;MQ-135;ppm;556
374106;72.0;"2024-03-18 21:15:06";1108;MQ-2;ppm;556
374105;15151.0;"2024-03-18 21:15:06";1107;MQ-7;ppm;556
374104;16137.0;"2024-03-18 21:15:06";1109;MQ-135;ppm;556
374103;71.0;"2024-03-18 21:15:06";1108;MQ-2;ppm;556
374102;15115.0;"2024-03-18 21:15:06";1107;MQ-7;ppm;556
374101;16127.0;"2024-03-18 21:15:06";1109;MQ-135;ppm;556
374100;79.0;"2024-03-18 21:15:06";1108;MQ-2;ppm;556
374099;15116.0;"2024-03-18 21:15:06";1107;MQ-7;ppm;556
374098;16117.0;"2024-03-18 21:15:06";1109;MQ-135;ppm;556
374097;75.0;"2024-03-18 21:15:06";1108;MQ-2;ppm;556
374096;15113.0;"2024-03-18 21:15:06";1107;MQ-7;ppm;556
374095;16098.0;"2024-03-18 21:15:06";1109;MQ-135;ppm;556
374094;78.0;"2024-03-18 21:15:06";1108;MQ-2;ppm;556
374093;15118.0;"2024-03-18 21:15:06";1107;MQ-7;ppm;556
374092;16114.0;"2024-03-18 21:15:06";1109;MQ-135;ppm;556
374091;74.0;"2024-03-18 21:15:06";1108;MQ-2;ppm;556
374090;15137.0;"2024-03-18 21:15:06";1107;MQ-7;ppm;556
374089;16101.0;"2024-03-18 21:15:06";1109;MQ-135;ppm;556
374088;72.0;"2024-03-18 21:15:06";1108;MQ-2;ppm;556
374087;15156.0;"2024-03-18 21:15:06";1107;MQ-7;ppm;556
374086;16101.0;"2024-03-18 21:15:06";1109;MQ-135;ppm;556
374085;75.0;"2024-03-18 21:15:06";1108;MQ-2;ppm;556
374084;15159.0;"2024-03-18 21:15:06";1107;MQ-7;ppm;556
374083;16144.0;"2024-03-18 21:15:06";1109;MQ-135;ppm;556
374082;80.0;"2024-03-18 21:15:06";1108;MQ-2;ppm;556
374081;15144.0;"2024-03-18 21:15:06";1107;MQ-7;ppm;556
374080;16142.0;"2024-03-18 21:15:06";1109;MQ-135;ppm;556
374079;71.0;"2024-03-18 21:15:06";1108;MQ-2;ppm;556
374078;15145.0;"2024-03-18 21:15:06";1107;MQ-7;ppm;556
374077;16121.0;"2024-03-18 21:15:06";1109;MQ-135;ppm;556
374076;75.0;"2024-03-18 21:15:06";1108;MQ-2;ppm;556
374075;15135.0;"2024-03-18 21:15:06";1107;MQ-7;ppm;556
374074;16120.0;"2024-03-18 21:15:06";1109;MQ-135;ppm;556
374073;81.0;"2024-03-18 21:15:06";1108;MQ-2;ppm;556
374072;15147.0;"2024-03-18 21:15:06";1107;MQ-7;ppm;556
374071;16096.0;"2024-03-18 21:15:06";1109;MQ-135;ppm;556
374070;81.0;"2024-03-18 21:15:06";1108;MQ-2;ppm;556
374069;15093.0;"2024-03-18 21:15:06";1107;MQ-7;ppm;556
374068;16124.0;"2024-03-18 21:15:06";1109;MQ-135;ppm;556
374067;78.0;"2024-03-18 21:15:06";1108;MQ-2;ppm;556
374066;15120.0;"2024-03-18 21:15:06";1107;MQ-7;ppm;556
374065;16111.0;"2024-03-18 21:15:06";1109;MQ-135;ppm;556
374064;72.0;"2024-03-18 21:15:06";1108;MQ-2;ppm;556
374063;15155.0;"2024-03-18 21:15:06";1107;MQ-7;ppm;556
374062;16150.0;"2024-03-18 21:15:06";1109;MQ-135;ppm;556
374061;79.0;"2024-03-18 21:15:06";1108;MQ-2;ppm;556
374060;15122.0;"2024-03-18 21:15:06";1107;MQ-7;ppm;556
374059;16112.0;"2024-03-18 21:15:06";1109;MQ-135;ppm;556
374058;78.0;"2024-03-18 21:15:06";1108;MQ-2;ppm;556
374057;15158.0;"2024-03-18 21:15:06";1107;MQ-7;ppm;556
374056;16117.0;"2024-03-18 21:15:06";1109;MQ-135;ppm;556
374055;79.0;"2024-03-18 21:15:06";1108;MQ-2;ppm;556
374054;15101.0;"2024-03-18 21:15:06";1107;MQ-7;ppm;556
374053;16133.0;"2024-03-18 21:15:06";1109;MQ-135;ppm;556
374052;81.0;"2024-03-18 21:15:06";1108;MQ-2;ppm;556
374051;15153.0;"2024-03-18 21:15:06";1107;MQ-7;ppm;556
374050;16110.0;"2024-03-18 21:15:06";1109;MQ-135;ppm;556
374049;78.0;"2024-03-18 21:15:06";1108;MQ-2;ppm;556
374048;15151.0;"2024-03-18 21:15:06";1107;MQ-7;ppm;556
374047;16131.0;"2024-03-18 21:15:06";1109;MQ-135;ppm;556
374046;71.0;"2024-03-18 21:15:06";1108;MQ-2;ppm;556
374045;15148.0;"2024-03-18 21:15:06";1107;MQ-7;ppm;556
374044;16130.0;"2024-03-18 21:15:06";1109;MQ-135;ppm;556
374043;78.0;"2024-03-18 21:15:06";1108;MQ-2;ppm;556
374042;15096.0;"2024-03-18 21:15:05";1107;MQ-7;ppm;556
374041;16131.0;"2024-03-18 21:15:05";1109;MQ-135;ppm;556
374040;78.0;"2024-03-18 21:15:05";1108;MQ-2;ppm;556
374039;15111.0;"2024-03-18 21:15:05";1107;MQ-7;ppm;556
374038;16147.0;"2024-03-18 21:15:05";1109;MQ-135;ppm;556
374037;73.0;"2024-03-18 21:15:05";1108;MQ-2;ppm;556
374036;15116.0;"2024-03-18 21:15:05";1107;MQ-7;ppm;556
374035;16129.0;"2024-03-18 21:15:05";1109;MQ-135;ppm;556
374034;77.0;"2024-03-18 21:15:05";1108;MQ-2;ppm;556
374033;15138.0;"2024-03-18 21:15:05";1107;MQ-7;ppm;556
374032;16121.0;"2024-03-18 21:15:05";1109;MQ-135;ppm;556
374031;78.0;"2024-03-18 21:15:05";1108;MQ-2;ppm;556
374030;15121.0;"2024-03-18 21:15:05";1107;MQ-7;ppm;556
374029;16128.0;"2024-03-18 21:15:05";1109;MQ-135;ppm;556
374028;71.0;"2024-03-18 21:15:05";1108;MQ-2;ppm;556
374027;15096.0;"2024-03-18 21:15:05";1107;MQ-7;ppm;556
374026;16125.0;"2024-03-18 21:15:05";1109;MQ-135;ppm;556
374025;74.0;"2024-03-18 21:15:05";1108;MQ-2;ppm;556
374024;15114.0;"2024-03-18 21:15:05";1107;MQ-7;ppm;556
374023;16124.0;"2024-03-18 21:15:05";1109;MQ-135;ppm;556
374022;74.0;"2024-03-18 21:15:05";1108;MQ-2;ppm;556
374021;15105.0;"2024-03-18 21:15:05";1107;MQ-7;ppm;556
374020;16116.0;"2024-03-18 21:15:05";1109;MQ-135;ppm;556
374019;72.0;"2024-03-18 21:15:05";1108;MQ-2;ppm;556
374018;15109.0;"2024-03-18 21:15:05";1107;MQ-7;ppm;556
374017;16113.0;"2024-03-18 21:15:05";1109;MQ-135;ppm;556
374016;77.0;"2024-03-18 21:15:05";1108;MQ-2;ppm;556
374015;15120.0;"2024-03-18 21:15:05";1107;MQ-7;ppm;556
374014;16156.0;"2024-03-18 21:15:05";1109;MQ-135;ppm;556
374013;74.0;"2024-03-18 21:15:05";1108;MQ-2;ppm;556
374012;15103.0;"2024-03-18 21:15:05";1107;MQ-7;ppm;556
374011;16101.0;"2024-03-18 21:15:05";1109;MQ-135;ppm;556
374010;73.0;"2024-03-18 21:15:05";1108;MQ-2;ppm;556
374009;15113.0;"2024-03-18 21:15:05";1107;MQ-7;ppm;556
374008;16087.0;"2024-03-18 21:15:05";1109;MQ-135;ppm;556
374007;71.0;"2024-03-18 21:15:05";1108;MQ-2;ppm;556
374006;15158.0;"2024-03-18 21:15:05";1107;MQ-7;ppm;556
374005;16145.0;"2024-03-18 21:15:05";1109;MQ-135;ppm;556
374004;74.0;"2024-03-18 21:15:05";1108;MQ-2;ppm;556
374003;15143.0;"2024-03-18 21:15:05";1107;MQ-7;ppm;556
374002;16095.0;"2024-03-18 21:15:05";1109;MQ-135;ppm;556
374001;74.0;"2024-03-18 21:15:05";1108;MQ-2;ppm;556
374000;15090.0;"2024-03-18 21:15:05";1107;MQ-7;ppm;556
373999;16106.0;"2024-03-18 21:15:05";1109;MQ-135;ppm;556
373998;78.0;"2024-03-18 21:15:05";1108;MQ-2;ppm;556
373997;15113.0;"2024-03-18 21:15:05";1107;MQ-7;ppm;556
373996;16099.0;"2024-03-18 21:15:05";1109;MQ-135;ppm;556
373995;79.0;"2024-03-18 21:15:05";1108;MQ-2;ppm;556
373994;15119.0;"2024-03-18 21:15:05";1107;MQ-7;ppm;556
373993;16115.0;"2024-03-18 21:15:05";1109;MQ-135;ppm;556
373992;80.0;"2024-03-18 21:15:05";1108;MQ-2;ppm;556
373991;15154.0;"2024-03-18 21:15:05";1107;MQ-7;ppm;556
373990;16134.0;"2024-03-18 21:15:05";1109;MQ-135;ppm;556
373989;71.0;"2024-03-18 21:15:05";1108;MQ-2;ppm;556
373988;15132.0;"2024-03-18 21:15:05";1107;MQ-7;ppm;556
373987;16151.0;"2024-03-18 21:15:05";1109;MQ-135;ppm;556
373986;71.0;"2024-03-18 21:15:05";1108;MQ-2;ppm;556
373985;15141.0;"2024-03-18 21:15:05";1107;MQ-7;ppm;556
373984;16150.0;"2024-03-18 21:15:05";1109;MQ-135;ppm;556
373983;72.0;"2024-03-18 21:15:05";1108;MQ-2;ppm;556
373982;15109.0;"2024-03-18 21:15:05";1107;MQ-7;ppm;556
373981;16095.0;"2024-03-18 21:15:05";1109;MQ-135;ppm;556
373980;72.0;"2024-03-18 21:15:05";1108;MQ-2;ppm;556
373979;15152.0;"2024-03-18 21:15:05";1107;MQ-7;ppm;556
373978;16131.0;"2024-03-18 21:15:05";1109;MQ-135;ppm;556
373977;77.0;"2024-03-18 21:15:05";1108;MQ-2;ppm;556
373976;15117.0;"2024-03-18 21:15:05";1107;MQ-7;ppm;556
